{"type":"FeatureCollection","features":[{"type":"Feature","id":1,"geometry":{"type":"Polygon","coordinates":[[[-103.77317843499998,35.241616739000051],[-103.77316039099998,35.23756035100007],[-103.77746931399997,35.237552953000034],[-103.77743917699996,35.230315856000061],[-103.78175908099996,35.230324478000057],[-103.78174554099996,35.226680281000029],[-103.78173200399999,35.223036084000057],[-103.78171828599994,35.219387386000051],[-103.78170474599995,35.215738510000051],[-103.78603238999995,35.215750553000078],[-103.79036003499999,35.215762777000066],[-103.79037421599998,35.212036682000075],[-103.79038785899996,35.208420925000041],[-103.79040132099999,35.204804987000045],[-103.79041478599999,35.20118904900005],[-103.79492405299999,35.201225575000024],[-103.79943350099995,35.201262098000029],[-103.80377050699997,35.201311763000035],[-103.80754446199995,35.201354949000063],[-103.80754496599997,35.197726234000072],[-103.80754546799994,35.194097698000064],[-103.80754597199996,35.190468983000073],[-103.80754665599994,35.186840447000066],[-103.81194108099999,35.186803714000064],[-103.81633550699996,35.186766803000069],[-103.82072993499997,35.186730070000067],[-103.82512435999996,35.186693338000055],[-103.82513224499996,35.18308352300005],[-103.82514012899998,35.179473888000075],[-103.82514171399998,35.175852374000044],[-103.82514311799997,35.17223086000007],[-103.82074797099995,35.17225409200006],[-103.81635282399998,35.172277143000031],[-103.81635782699999,35.168651128000079],[-103.81636283199998,35.16502511300007],[-103.81197146499994,35.165046182000026],[-103.80757991699994,35.165066894000063],[-103.80758599999996,35.161436738000077],[-103.80759208299997,35.157806583000024],[-103.80370724399995,35.157783552000069],[-103.79929265599998,35.157757283000024],[-103.79929585999997,35.154126227000063],[-103.79929906199999,35.150495172000035],[-103.79930226499994,35.146865915000035],[-103.79930546899999,35.143236479000052],[-103.79489159899998,35.143216687000063],[-103.79047772899997,35.143196717000023],[-103.78604585899996,35.143182506000073],[-103.78161398799995,35.143168115000037],[-103.77718211899997,35.143153724000058],[-103.77275006799994,35.143139513000051],[-103.76835419899999,35.143114863000051],[-103.76395814999995,35.143090212000061],[-103.76394864699995,35.146721812000067],[-103.76393914699997,35.150353590000066],[-103.75954309699995,35.15033776000007],[-103.75514704799997,35.150321931000065],[-103.75514402699997,35.153948850000063],[-103.75514082699999,35.157575590000079],[-103.75511764499998,35.161211690000073],[-103.75509428299995,35.164847610000038],[-103.75069445499997,35.164812343000051],[-103.74629458899994,35.164776883000059],[-103.74627932699997,35.168396244000064],[-103.74188359799996,35.16835250500003],[-103.73748769099996,35.16830858700007],[-103.73749467099998,35.16470560700003],[-103.73750165299998,35.161102807000077],[-103.73750863399994,35.157499826000048],[-103.73310426699999,35.157475347000059],[-103.72869971899996,35.157451049000031],[-103.72428418999999,35.157426569000052],[-103.71986866199995,35.157402092000041],[-103.71986700199994,35.153785790000029],[-103.71986516499999,35.150169671000072],[-103.71986350499998,35.146553371000039],[-103.71986184599996,35.142937072000052],[-103.71549779899999,35.142942112000071],[-103.71113393399997,35.142947334000041],[-103.70677006699998,35.14295237500005],[-103.70240602099994,35.142957596000031],[-103.70241307899994,35.146465898000031],[-103.70242013499995,35.149974200000031],[-103.69777060299998,35.150041520000059],[-103.69332213399997,35.150105779000057],[-103.68888968499999,35.150169499000071],[-103.68445723799994,35.150233219000029],[-103.68445521799998,35.146599820000063],[-103.68445320099994,35.14296642100004],[-103.68001535199994,35.142991982000069],[-103.67557750499998,35.143017542000052],[-103.67554272399997,35.139387203000069],[-103.67550776599995,35.135757044000059],[-103.67547298599999,35.132126346000064],[-103.67543802799997,35.128495828000041],[-103.67543690999997,35.12491534600008],[-103.67543561099995,35.121284108000054],[-103.67543431299998,35.117653410000059],[-103.67543319599997,35.114022710000029],[-103.67101604799996,35.114031533000059],[-103.66659907999997,35.114040535000072],[-103.66659904299996,35.110403896000037],[-103.66667448599998,35.106872827000075],[-103.66659914699994,35.103130619000069],[-103.66659928899998,35.099493980000034],[-103.66216990199996,35.099522421000074],[-103.65774069499997,35.099550864000037],[-103.65331130899995,35.099579305000077],[-103.64888192099994,35.09960774700005],[-103.64890042299999,35.095975249000048],[-103.64891874599999,35.092342750000057],[-103.64893724899997,35.088710253000045],[-103.64895557199998,35.085077754000054],[-103.65337451799996,35.085050391000038],[-103.65779346399995,35.085023210000031],[-103.66221241199997,35.084996028000035],[-103.66663135699997,35.084968846000038],[-103.66664031999994,35.081338507000055],[-103.66664928199998,35.077708168000072],[-103.66222313599997,35.077734810000038],[-103.65779698799997,35.07776109200006],[-103.65779857099994,35.074131115000057],[-103.65780033399994,35.070500957000036],[-103.65336698699997,35.070527598000069],[-103.64893364099999,35.070554241000025],[-103.64450245299997,35.070591323000031],[-103.64007126799999,35.070628405000036],[-103.64008570499999,35.07425928300006],[-103.64010014299998,35.077890161000028],[-103.63566481599997,35.077928323000037],[-103.63122966999998,35.077966485000047],[-103.62678984199994,35.07799564700008],[-103.62235019599996,35.078024629000026],[-103.61791054799994,35.078053431000058],[-103.61347072199999,35.078082233000032],[-103.60902243499999,35.07813767600004],[-103.60901825699995,35.07450355800006],[-103.60457339099997,35.074555579000048],[-103.60012852399996,35.074607602000071],[-103.59568347699997,35.074659623000059],[-103.59567775299996,35.078302921000045],[-103.59567202899996,35.081946217000052],[-103.59566630699999,35.085589514000048],[-103.59143402599994,35.085583758000041],[-103.58705845999998,35.085577820000026],[-103.58268307499998,35.085570983000025],[-103.57830750799997,35.085564145000035],[-103.57832889099996,35.081917789000045],[-103.57393406499995,35.081913831000065],[-103.57396139099995,35.078269275000025],[-103.56957268399998,35.078267118000042],[-103.56960612899996,35.074624362000066],[-103.56963957399995,35.070981605000043],[-103.56962261599995,35.067346408000049],[-103.56960565999998,35.063711031000025],[-103.56958870199998,35.060073855000041],[-103.56957174599995,35.056436679000058],[-103.56516323999995,35.056438842000034],[-103.56510470099994,35.052800585000057],[-103.56952094799999,35.052797522000049],[-103.56947015099996,35.049158545000068],[-103.57387019499998,35.049154583000075],[-103.57383937799995,35.045512186000053],[-103.57380856099996,35.041869609000059],[-103.56936855499998,35.041876632000026],[-103.56941935199995,35.045517589000042],[-103.56498726599995,35.045522812000058],[-103.56055517899995,35.045528037000054],[-103.56062163699994,35.049165752000079],[-103.55620322999994,35.049160896000046],[-103.55178464499994,35.049155859000052],[-103.55185848399998,35.052782956000044],[-103.55193232199997,35.056410233000065],[-103.55195647799997,35.060056768000038],[-103.55198081499998,35.063703305000047],[-103.55200497199996,35.067349300000046],[-103.55202930899998,35.070995477000054],[-103.55199334399998,35.074623834000079],[-103.55195755899996,35.078252190000057],[-103.55192159399996,35.081880365000075],[-103.55188580999999,35.085508363000031],[-103.55186766399999,35.089159219000067],[-103.55184951999996,35.092810074000056],[-103.55183119599997,35.096470471000032],[-103.55181305199994,35.100131046000058],[-103.55179346799997,35.103760482000041],[-103.55177406299998,35.10738991900007],[-103.54737113599998,35.107366341000045],[-103.54296838799996,35.107342584000037],[-103.54293350399996,35.110984260000066],[-103.54289861899997,35.114625936000039],[-103.53848345099999,35.11460721900005],[-103.53406846399997,35.114588501000071],[-103.52965329699998,35.114569782000046],[-103.52523830999996,35.114551065000057],[-103.52080928099997,35.114531447000047],[-103.51638025399996,35.114511650000054],[-103.51634860799999,35.11815152500003],[-103.51631714199999,35.121791221000024],[-103.51189387499994,35.121771963000072],[-103.50747060699996,35.121752346000051],[-103.50744490099999,35.12539294100003],[-103.50741937499998,35.129011756000068],[-103.50300150799995,35.129000778000034],[-103.49858363699997,35.128989628000056],[-103.49416576199997,35.128978486000051],[-103.48974788799995,35.128967524000075],[-103.48975134299997,35.132583280000063],[-103.48975497999999,35.13619903600005],[-103.48975843699998,35.139814791000049],[-103.48976207099997,35.143430546000047],[-103.48975526799995,35.14704090400005],[-103.48974864299998,35.150651079000056],[-103.48974435999997,35.154275835000078],[-103.48974025399997,35.157900770000026],[-103.48541238599995,35.157889268000076],[-103.48099613399995,35.157877408000047],[-103.48098734899997,35.161501263000048],[-103.48097856499999,35.165125299000067],[-103.48096978299998,35.168748974000039],[-103.48096099899999,35.172372831000075],[-103.47652566799997,35.172359529000062],[-103.47209033599995,35.172346228000038],[-103.47205419199997,35.175968644000079],[-103.47205094399999,35.179645629000049],[-103.47198154599994,35.183213116000047],[-103.47194540199996,35.18683535200006],[-103.47638091199997,35.186850994000054],[-103.48081642199998,35.186866634000069],[-103.48525643099998,35.186881375000041],[-103.48970526099998,35.186896115000025],[-103.48969971699995,35.190519972000061],[-103.48969435299995,35.194143647000033],[-103.48968880899997,35.197767504000069],[-103.48968326399995,35.201391179000041],[-103.49407935199997,35.201442460000067],[-103.49847543899995,35.201493739000057],[-103.49847529599998,35.205104814000038],[-103.49847496999996,35.208716071000026],[-103.50287519799997,35.208754581000051],[-103.50727560699994,35.208792920000064],[-103.50727942299994,35.212391217000061],[-103.50728323799996,35.215917154000067],[-103.50287886799998,35.215909775000057],[-103.49847450099998,35.21590240200004],[-103.49407013499996,35.215895043000046],[-103.48966558799998,35.215887681000027],[-103.48965824299995,35.219486878000055],[-103.48965089899997,35.223086074000037],[-103.48964337299998,35.226685270000075],[-103.48963602999999,35.230284467000047],[-103.48527234599999,35.230266666000034],[-103.48087122099997,35.230248687000028],[-103.47646991599999,35.230230705000054],[-103.47206843099997,35.230212546000075],[-103.46765560699998,35.230216885000061],[-103.46324260199998,35.230221224000047],[-103.46326171999999,35.233836799000073],[-103.46328083899999,35.237452376000078],[-103.46329977699997,35.241055173000063],[-103.46331889499999,35.244658149000031],[-103.46766403699996,35.244703489000074],[-103.47200899999996,35.244749008000042],[-103.47200849599994,35.248371605000045],[-103.47200797399995,35.251994006000075],[-103.47200742999996,35.255616577000069],[-103.47200688899994,35.259239146000027],[-103.46768424799996,35.259224045000053],[-103.46336160699997,35.259208943000033],[-103.45892178299994,35.259203921000051],[-103.45448195899996,35.259198899000069],[-103.45004087499996,35.259187937000036],[-103.44559961099998,35.259177157000067],[-103.44115834699994,35.259166195000034],[-103.43671708499994,35.259155414000077],[-103.43671294199999,35.262821897000038],[-103.43670879899997,35.266488381000045],[-103.43670771899997,35.267533608000065],[-103.43670465699995,35.270154864000062],[-103.43670069399997,35.27382134700008],[-103.43227239099997,35.273799045000032],[-103.42784390699995,35.273776921000035],[-103.42341560499995,35.273754798000027],[-103.41898729999997,35.273732493000068],[-103.41897685699996,35.277336156000047],[-103.41896641599999,35.280939639000053],[-103.41895579299995,35.284543123000049],[-103.41894535099999,35.288146786000027],[-103.41453414699998,35.288144099000078],[-103.41012294399997,35.288141592000045],[-103.40571174099995,35.288138905000039],[-103.40130053799999,35.288136398000063],[-103.40131025699998,35.291739699000061],[-103.40132015499995,35.29534282000003],[-103.40133923299999,35.298971679000033],[-103.40124688799995,35.302429905000054],[-103.40135741199998,35.302430085000026],[-103.40192442699998,35.302430804000039],[-103.40574341399997,35.302436014000079],[-103.40633707199999,35.302436913000065],[-103.41012923599999,35.302442124000038],[-103.41076393299994,35.302443021000045],[-103.41451523899997,35.302448233000064],[-103.41519079699998,35.302449132000049],[-103.41890124099996,35.30245416200006],[-103.41961856099999,35.302455240000029],[-103.42337004599995,35.302460271000029],[-103.42404614399999,35.302461169000026],[-103.42783884999994,35.302466379000066],[-103.42847408799997,35.302467279000041],[-103.43230783399997,35.302472488000035],[-103.43290203099997,35.302473207000048],[-103.43677663899996,35.30247859900004],[-103.43732943499998,35.302479317000063],[-103.44119810299998,35.302484347000075],[-103.44175683699996,35.302485066000031],[-103.44561938599998,35.302490276000071],[-103.44618370099994,35.302490995000028],[-103.45004120999994,35.302496025000039],[-103.45061056499998,35.302496924000025],[-103.45446303199998,35.302501954000036],[-103.45503796799994,35.302502673000049],[-103.45888899599998,35.302507883000033],[-103.45946555199998,35.302508602000046],[-103.46331495899994,35.302513813000076],[-103.46389259499995,35.302514530000053],[-103.46774110299998,35.302519742000072],[-103.46831963899996,35.302520460000039],[-103.47216706499995,35.302521170000034],[-103.47274416299996,35.302521169000045],[-103.47659158899995,35.302522060000058],[-103.47716868599997,35.302522239000041],[-103.48101611299995,35.302522949000036],[-103.48159338899995,35.302523127000029],[-103.48544081599994,35.302524018000042],[-103.48601791199997,35.302524198000071],[-103.48956904999994,35.302523289000078],[-103.49044261499995,35.302522927000041],[-103.49396279499996,35.302521838000075],[-103.49486713899995,35.302521476000038],[-103.49835653599996,35.30252452700006],[-103.49929292299998,35.302525245000027],[-103.50275010099995,35.302528123000059],[-103.50371870699996,35.302529022000044],[-103.50714384499997,35.302532082000027],[-103.50814359399999,35.302532982000059],[-103.51154298899996,35.30253586300006],[-103.51256865899995,35.302536764000024],[-103.51594231499996,35.302539824000064],[-103.51699318599998,35.302540724000039],[-103.52034254099999,35.30254360400005],[-103.52141788999995,35.302544504000025],[-103.52474294599995,35.30254900500006],[-103.52477930899994,35.299211903000071],[-103.52481873499994,35.29559382900004],[-103.52485761999998,35.291975755000067],[-103.52489668499999,35.288357681000036],[-103.52495616899995,35.284689409000066],[-103.52487707299997,35.281120273000056],[-103.52486717499994,35.277501659000052],[-103.52485745999996,35.273883046000037],[-103.52926920899995,35.273897986000065],[-103.53368113599998,35.273912927000026],[-103.53809306399995,35.273927867000054],[-103.54250499199998,35.273942808000072],[-103.54694283999999,35.273984208000059],[-103.55138050899996,35.274025607000056],[-103.55581835799995,35.274067007000042],[-103.56025620599996,35.274108407000028],[-103.56469009599999,35.274107507000053],[-103.56468774699994,35.277735661000065],[-103.56468558099999,35.281363814000031],[-103.56468323399997,35.284991787000024],[-103.56468088799994,35.288619760000074],[-103.56911279499997,35.288619041000061],[-103.56910900599996,35.292247015000044],[-103.56910539999996,35.295874987000047],[-103.57353676599996,35.295874088000062],[-103.57796813199997,35.295873189000076],[-103.57796344399998,35.299500082000066],[-103.57795929699995,35.302579790000038],[-103.57890054499995,35.30258069000007],[-103.58238958399994,35.302583931000072],[-103.58333047099995,35.302584651000075],[-103.58681986999994,35.302588071000059],[-103.58776075599997,35.302588972000024],[-103.59124889599997,35.302592212000036],[-103.59219104299996,35.302593112000068],[-103.59217231299999,35.30621586500007],[-103.59215376299994,35.309838617000025],[-103.59216095399995,35.313470370000061],[-103.59216796599998,35.317102123000041],[-103.59660167199996,35.317100864000054],[-103.60103537599997,35.317099605000067],[-103.60546908099997,35.317098164000072],[-103.60990278499997,35.317096905000028],[-103.61433702899996,35.317113105000033],[-103.61877109499994,35.317129485000066],[-103.62320515999994,35.317145685000071],[-103.62763922499994,35.317161885000075],[-103.63207562999997,35.317161705000046],[-103.63651185499998,35.317161526000064],[-103.63725059399997,35.317161346000034],[-103.63724502599996,35.313722548000044],[-103.63724466699995,35.313526894000063],[-103.63723819899997,35.309892621000074],[-103.63723208999994,35.306432044000076],[-103.63723173099999,35.306257090000031],[-103.63722598299995,35.302621558000055],[-103.63722149199998,35.299689805000071],[-103.63722077399996,35.299142800000027],[-103.63721592499996,35.29604491200007],[-103.63721017699999,35.292399301000046],[-103.63720945899996,35.291851937000047],[-103.63720460799999,35.288753689000032],[-103.63719975999999,35.285094577000052],[-103.63719904099997,35.284560713000076],[-103.63719473299994,35.281435286000033],[-103.63718970399998,35.277776356000061],[-103.63718898599996,35.277269670000067],[-103.63718449699996,35.274117244000024],[-103.63592679999999,35.274128043000076],[-103.63151397199994,35.274166021000042],[-103.62707936399994,35.274157561000038],[-103.62264457499998,35.274148920000073],[-103.61820978699996,35.27414045900008],[-103.61377517799997,35.27413199800003],[-103.60926694799997,35.274149456000032],[-103.60475889599996,35.274167095000053],[-103.60025066499998,35.274184554000044],[-103.59574261499995,35.274202013000036],[-103.59574802399999,35.270566299000052],[-103.59575361299994,35.266930767000076],[-103.59575920199995,35.263295054000025],[-103.59576479299994,35.259659342000077],[-103.59575994099998,35.256033529000035],[-103.59575526899994,35.252407897000069],[-103.59575040199996,35.248782075000065],[-103.59574550499997,35.245156417000032],[-103.59574348899997,35.241520321000053],[-103.59574129299995,35.237884223000037],[-103.59573927499997,35.234248126000068],[-103.59573725799999,35.230612209000071],[-103.59127654699995,35.230605728000057],[-103.58686011799995,35.230599427000072],[-103.58244368799996,35.230593126000031],[-103.57802725799996,35.230587006000064],[-103.57802992099994,35.226962970000045],[-103.57803276499999,35.223338932000047],[-103.58245441499997,35.223343973000055],[-103.58687606499996,35.223348834000035],[-103.58688394799998,35.219723176000059],[-103.58689201199996,35.216097339000044],[-103.59131888199994,35.216100579000056],[-103.59572145099997,35.216103820000058],[-103.60014255899995,35.216072680000025],[-103.60456366999995,35.216041362000055],[-103.60456669299998,35.212393385000041],[-103.60456971499997,35.208765387000028],[-103.60457255899996,35.205133790000048],[-103.60457558199994,35.201502373000039],[-103.60458202499996,35.197869336000053],[-103.60458846799997,35.19423647800005],[-103.60900831699996,35.194210019000025],[-103.61342816599995,35.194183379000037],[-103.61785863499995,35.19415907900003],[-103.62228910399995,35.194134600000041],[-103.62671957399999,35.194109940000033],[-103.63115004299999,35.194085101000042],[-103.63558555199995,35.194058460000065],[-103.64002088099994,35.194031822000056],[-103.64445621099998,35.194004822000068],[-103.64889171899995,35.193977823000068],[-103.65331426799997,35.193950464000068],[-103.65773681699994,35.193923103000031],[-103.65773271599994,35.197551643000054],[-103.65772861299996,35.201180180000051],[-103.66214990199995,35.201151922000065],[-103.66657119099995,35.201123842000072],[-103.67099212099998,35.201112683000076],[-103.67541304799994,35.201101523000034],[-103.67983397799998,35.201090364000038],[-103.68425490699997,35.201079205000042],[-103.68868051499999,35.201021605000051],[-103.69310630499996,35.200964007000039],[-103.69313784399998,35.204581387000076],[-103.69316956399996,35.208198766000066],[-103.69320110399997,35.21180948600005],[-103.69323282099998,35.215420385000073],[-103.69325698099999,35.219064763000063],[-103.69328113899996,35.222709143000031],[-103.69769882899999,35.222659284000031],[-103.70229093999995,35.222636024000053],[-103.70665013199999,35.222643087000051],[-103.71109464299997,35.222677826000051],[-103.71555067399999,35.222712566000041],[-103.72000652599996,35.222747126000058],[-103.71999738299996,35.226370805000045],[-103.71998806199997,35.229994486000066],[-103.72001942199995,35.233617985000024],[-103.72005078099994,35.237241485000027],[-103.72008646699999,35.241402273000062],[-103.72451585799996,35.24143179400005],[-103.72529887999997,35.241437013000052],[-103.72894470899996,35.241461135000065],[-103.73337265799995,35.241490655000064],[-103.73419024199995,35.241496235000056],[-103.73780078899995,35.241509735000079],[-103.74221019799995,35.241526116000045],[-103.74306162399995,35.241529356000058],[-103.74661906799997,35.24154231600005],[-103.75102847399995,35.241558875000067],[-103.75193298999994,35.241562291000037],[-103.75543729799995,35.241575056000045],[-103.75987096099999,35.241591057000051],[-103.76080373999997,35.241594473000077],[-103.76430786599997,35.241607058000056],[-103.76874117099999,35.241623057000027],[-103.76967430799999,35.241626473000053],[-103.77317843499998,35.241616739000051]]]},"properties":{"OBJECTID":1,"District":"Arch Hurley Conservancy District","Shape_Length":1.9109652316616832,"Shape_Area":0.045279530124168521}},{"type":"Feature","id":2,"geometry":{"type":"Polygon","coordinates":[[[-107.81104617499994,36.736160764000033],[-107.81595978599995,36.736145467000028],[-107.82087344699994,36.736129903000062],[-107.82598235399996,36.736115617000053],[-107.82593283499995,36.732543856000063],[-107.82577043299995,36.729045597000038],[-107.82716467099999,36.728921009000032],[-107.82698016399996,36.725423125000077],[-107.83162309899996,36.725306708000062],[-107.83158824199995,36.721714037000027],[-107.83622045599998,36.721631894000041],[-107.83617603199997,36.718072962000065],[-107.84073934999998,36.717840782000053],[-107.84073636799997,36.714267647000042],[-107.84533247199994,36.714116471000068],[-107.84536224899995,36.710624334000045],[-107.84980167799995,36.710938170000077],[-107.85424141099998,36.711252211000044],[-107.85876717199994,36.711572399000033],[-107.86329296099996,36.711892381000041],[-107.86326157799999,36.715511801000048],[-107.86323021399994,36.719131200000049],[-107.86775676599996,36.719135622000067],[-107.87228334599996,36.719140047000053],[-107.87680994699997,36.719144447000076],[-107.88133652599998,36.719148872000062],[-107.88574605999997,36.719108870000071],[-107.89015559399996,36.719068822000054],[-107.89456510299999,36.719028822000041],[-107.89897463799997,36.71898879400004],[-107.90341653699994,36.718990660000031],[-107.90785813099995,36.718992590000028],[-107.90786145699997,36.722602421000033],[-107.90786481099997,36.726212253000028],[-107.91227836899998,36.726260262000039],[-107.91669198299996,36.726308107000079],[-107.92111520499998,36.726149970000051],[-107.92553840299996,36.725991622000038],[-107.92551833699997,36.729544874000055],[-107.92987520699995,36.729376069000068],[-107.93400052299995,36.729216136000048],[-107.93399647099994,36.72577902200004],[-107.93849638999995,36.725774668000042],[-107.94299633499998,36.725770151000063],[-107.94746740499994,36.725765495000076],[-107.95193842899994,36.72576067500006],[-107.95193577499998,36.729369296000073],[-107.95193309999996,36.732977937000044],[-107.95644442699995,36.732965619000026],[-107.96095577599999,36.732953303000045],[-107.96546715499994,36.732940985000027],[-107.96997849899998,36.732928668000056],[-107.96996539399998,36.736544226000035],[-107.96995228299994,36.740159806000065],[-107.97447720899999,36.740163511000048],[-107.97900210999995,36.740167047000057],[-107.97900709299995,36.736550558000033],[-107.97901207499996,36.732934071000045],[-107.98352887299995,36.732936770000038],[-107.98804567599996,36.732939447000035],[-107.99255679099997,36.732932930000061],[-107.99706788599997,36.732926357000053],[-108.00157897999998,36.732919795000043],[-108.00609007799994,36.732913229000076],[-108.00609727099999,36.729312945000061],[-108.00610432599996,36.725777946000051],[-108.01056464299995,36.725788564000027],[-108.01502495399995,36.725799203000065],[-108.01948526299998,36.72580991500007],[-108.02394560599998,36.725820462000058],[-108.02841963399999,36.725831705000076],[-108.03289366099995,36.725842766000028],[-108.03288816499997,36.722246674000075],[-108.03288266499999,36.71865058000003],[-108.03736636099995,36.718659591000062],[-108.04172721099997,36.71866813500003],[-108.04172716199997,36.718764202000045],[-108.04607716099997,36.718775143000073],[-108.05042715799999,36.71878608600008],[-108.05477718699996,36.718797005000056],[-108.05912718099995,36.718807950000041],[-108.05929808299999,36.715290390000064],[-108.05491669799994,36.715255862000049],[-108.05053530999999,36.715221147000079],[-108.05064343899994,36.711656232000053],[-108.05505620899999,36.711714624000024],[-108.05946895399995,36.711772832000065],[-108.05963987699994,36.708255316000077],[-108.06417248199995,36.708301346000042],[-108.06870511499994,36.70834719100003],[-108.07320231099999,36.708415760000037],[-108.07313954299997,36.712022424000054],[-108.07307404599999,36.715605034000077],[-108.07765906499998,36.715709576000052],[-108.07768253099999,36.712105007000048],[-108.07769950999995,36.708484140000053],[-108.07771652399998,36.704863299000067],[-108.08218407899994,36.704908912000064],[-108.08665165799994,36.704954545000078],[-108.09115332599998,36.704949862000035],[-108.09111502299999,36.708575505000056],[-108.09560492999998,36.708589006000068],[-108.10009656099999,36.708585165000045],[-108.10015171799995,36.704933287000074],[-108.10127561399997,36.704930259000037],[-108.10239953299998,36.704927257000065],[-108.10352322099999,36.704924205000054],[-108.10464695299999,36.704921177000074],[-108.10689293499996,36.70491829000008],[-108.10913926099994,36.704915264000078],[-108.10913909999999,36.704687651000029],[-108.10913691299999,36.701296004000028],[-108.10688804499995,36.701299731000063],[-108.10463925099998,36.701303478000057],[-108.10407726599999,36.701304804000074],[-108.10351526099998,36.701306179000028],[-108.10295327599994,36.701307530000065],[-108.10239129399997,36.701308880000056],[-108.10126730099995,36.701311488000044],[-108.10014331299999,36.701314073000049],[-108.09901943899996,36.701316774000077],[-108.09789558999995,36.701319405000049],[-108.09677194799997,36.701322129000062],[-108.09564832899997,36.701324829000043],[-108.09564153199995,36.697704312000042],[-108.09115171699995,36.697660238000026],[-108.08666190299999,36.697616026000048],[-108.08666702499994,36.693944516000045],[-108.08220035299996,36.693902165000054],[-108.07773368499994,36.693859603000078],[-108.07773943999996,36.690191707000054],[-108.07326675799999,36.690265350000061],[-108.07325530199995,36.686567653000054],[-108.06877391499995,36.686610840000071],[-108.06430086699999,36.68660010800005],[-108.05982783699994,36.686589188000028],[-108.05986099399996,36.69025580400006],[-108.05540899199997,36.690306961000033],[-108.05095698899999,36.690358135000054],[-108.04634430999994,36.690128866000066],[-108.04173167899995,36.689899598000068],[-108.04172378699997,36.693481747000078],[-108.03737066299999,36.693383794000056],[-108.03290599699994,36.693283330000042],[-108.03292714099996,36.696909548000065],[-108.02846074799999,36.696831015000043],[-108.02399430999998,36.69675241200008],[-108.02401801099995,36.70042189600008],[-108.01953020099995,36.70043768000005],[-108.01504241299995,36.700453416000073],[-108.01503447299996,36.704065813000057],[-108.01053970299995,36.704053239000075],[-108.01055136499997,36.700469277000025],[-108.00606031899997,36.700484968000069],[-108.00156295899995,36.700487389000045],[-108.00155334499999,36.704059526000037],[-107.99706175699998,36.704078293000066],[-107.99706557999997,36.700489602000061],[-107.99257115799998,36.700491791000047],[-107.99257019899994,36.704097063000063],[-107.98807863899998,36.704115802000047],[-107.98807673099998,36.700493818000041],[-107.98353704099998,36.70047353800004],[-107.97899780099999,36.700453119000031],[-107.97450404999995,36.700552962000074],[-107.97450514599996,36.704072261000078],[-107.97003630899997,36.704194850000079],[-107.96553928299994,36.704194080000036],[-107.96104313299998,36.704193009000051],[-107.96101868599999,36.707750290000035],[-107.95652567999997,36.707741817000056],[-107.95203270199994,36.707733155000028],[-107.94755522799994,36.707732690000057],[-107.94307770599994,36.707732061000058],[-107.93860402599995,36.707731408000029],[-107.93413037399995,36.707730617000038],[-107.92973380499996,36.707813552000061],[-107.92533731099996,36.707896302000051],[-107.92091979099996,36.707967685000028],[-107.91650231599999,36.70803886300007],[-107.91208163199997,36.708064494000041],[-107.90766092099994,36.708090157000072],[-107.90325360199995,36.708115280000072],[-107.89884646399997,36.708140239000045],[-107.89441648499997,36.708112417000052],[-107.89436237599995,36.704479861000038],[-107.89433769699997,36.700815805000047],[-107.88986378299995,36.700764908000053],[-107.88541594799995,36.700714176000076],[-107.88096830299997,36.700663256000041],[-107.87651846499995,36.700709939000035],[-107.87206853399999,36.700756575000071],[-107.86748479699997,36.70080465500007],[-107.86302981299997,36.700851360000058],[-107.85863080699994,36.70073573600007],[-107.85423181899995,36.700620184000059],[-107.85020771199999,36.700514358000078],[-107.84543528799998,36.700388704000034],[-107.84540494899994,36.703641090000076],[-107.84538366999999,36.707132784000066],[-107.84072658799994,36.707167567000056],[-107.83606958299998,36.707202190000032],[-107.83140029999998,36.707237045000056],[-107.82672980199999,36.707270876000052],[-107.82679640899994,36.710903899000073],[-107.82686301399997,36.714536919000068],[-107.82553296999998,36.714689816000032],[-107.82057460399994,36.714623785000072],[-107.82057476699998,36.718242348000047],[-107.82065462999998,36.72186163300006],[-107.81567835999999,36.721795926000027],[-107.81573559199995,36.725414605000026],[-107.81579186899995,36.728992442000049],[-107.81584755699998,36.732533025000066],[-107.81584814399997,36.732570305000024],[-107.81080565999997,36.732584298000063],[-107.81104617499994,36.736160764000033]]]},"properties":{"OBJECTID":2,"District":"Bloomfield Irrigation District","Shape_Length":0.83717212944192954,"Shape_Area":0.005911370963263855}},{"type":"Feature","id":3,"geometry":{"type":"MultiPolygon","coordinates":[[[[-104.21197960299997,32.429114828000024],[-104.21197476199995,32.432729747000053],[-104.20337783699995,32.43276617600003],[-104.20333762599995,32.429137503000049],[-104.19614221399996,32.429117942000062],[-104.19336197599995,32.430373564000035],[-104.19339699799997,32.430469048000077],[-104.19338982599999,32.430558520000034],[-104.19338266299997,32.430642026000044],[-104.19334736599995,32.43072550200003],[-104.19327684299998,32.430844729000057],[-104.19321336299998,32.430957999000043],[-104.19314282199997,32.431089157000031],[-104.19308627399994,32.431268053000053],[-104.19303671499995,32.431476785000029],[-104.19300127699995,32.431649739000079],[-104.19298685799998,32.431876404000036],[-104.19300062999997,32.432067309000047],[-104.19302857199995,32.432192611000062],[-104.19308461199995,32.432341806000068],[-104.19316884399996,32.43245524200006],[-104.19327415899994,32.432580630000075],[-104.19338655499996,32.43267620000006],[-104.19347077699996,32.432795600000077],[-104.19356906799999,32.432915014000059],[-104.19363919599999,32.433052295000039],[-104.19376529299996,32.433386492000068],[-104.19408052899996,32.434227949000046],[-104.19415065899994,32.434365229000036],[-104.19422082599999,32.434478647000049],[-104.19430508799996,32.434574184000041],[-104.19441745099999,32.434693615000072],[-104.19614840299994,32.43614757000006],[-104.19641959599994,32.436395918000073],[-104.19657407799997,32.436575045000041],[-104.19665829099995,32.43670637200006],[-104.19673541699996,32.436873485000035],[-104.19678437699997,32.437058463000028],[-104.19683998599999,32.437499955000078],[-104.19690241399996,32.438084622000076],[-104.19689507399994,32.438287434000074],[-104.19684299299996,32.440172413000028],[-104.20345536799999,32.440227127000071],[-104.20348573499996,32.443579656000054],[-104.20350174199996,32.447134988000073],[-104.20352459599997,32.450821562000044],[-104.21626922899998,32.450836571000025],[-104.21637800099995,32.450965392000057],[-104.21649739299994,32.451126565000038],[-104.21666584399998,32.451436916000034],[-104.21781149399999,32.453497872000071],[-104.21819626699994,32.454027261000078],[-104.21893391199995,32.454892900000061],[-104.21955915499996,32.455633161000037],[-104.22019851199997,32.456349572000079],[-104.22128059499994,32.457501840000077],[-104.22142116599997,32.457621270000061],[-104.22154066499996,32.457710856000062],[-104.22171641399996,32.457830318000049],[-104.22186406599997,32.457913963000067],[-104.22197656699996,32.457973715000037],[-104.22220861999995,32.458081295000056],[-104.22303150799996,32.458338526000034],[-104.22374188499998,32.458547930000066],[-104.22411462399998,32.458685456000069],[-104.22466313399997,32.458930507000048],[-104.22501471999999,32.459109769000065],[-104.22520454199997,32.459235203000048],[-104.22545761799995,32.45942034400008],[-104.22571772999999,32.459605490000058],[-104.22592861299995,32.459772699000041],[-104.22626600399997,32.460059319000038],[-104.22652605799999,32.460298152000064],[-104.22677201799996,32.460554867000042],[-104.22713038299997,32.460960808000038],[-104.22818422999995,32.462315813000032],[-104.22825450999994,32.462387455000055],[-104.22838105799997,32.462477039000078],[-104.22860606599994,32.462608463000038],[-104.22876781799994,32.462680180000064],[-104.22893661899997,32.462739973000055],[-104.22906323899997,32.462769905000073],[-104.22918987099996,32.462787906000074],[-104.22931650299995,32.462805905000039],[-104.22947128099997,32.46282393000007],[-104.22961201199996,32.462818080000034],[-104.22975978199997,32.462812237000037],[-104.23085965899998,32.462646260000042],[-104.23315888599996,32.462290042000063],[-104.23334891799999,32.462242471000025],[-104.23348969499995,32.462194861000057],[-104.23363752199998,32.46213532400003],[-104.23376424599996,32.462069807000034],[-104.23389097599994,32.461998324000035],[-104.23403181299994,32.461897024000052],[-104.23413042499999,32.461801657000024],[-104.23423607799998,32.461700332000078],[-104.23432769299995,32.46156916700005],[-104.23441931999997,32.461426073000041],[-104.23477923699994,32.460442082000043],[-104.23510393899994,32.45948192700007],[-104.23550603699994,32.458515863000059],[-104.23622515699998,32.457162301000039],[-104.23702179899999,32.455665625000051],[-104.23716979099999,32.455439057000035],[-104.23731069599995,32.455260205000059],[-104.23744452499994,32.455117141000073],[-104.23758537099997,32.454991976000031],[-104.23759656699997,32.457712156000071],[-104.24194457999994,32.457876450000072],[-104.24190774499999,32.452549421000072],[-104.24229488899999,32.452358812000057],[-104.24284386499994,32.452150422000045],[-104.24503255499997,32.45147193300005],[-104.24545198799996,32.451370289000067],[-104.24604584799994,32.451269819000061],[-104.24650319399996,32.451222413000039],[-104.24691829799997,32.451204803000053],[-104.24731932699996,32.451193146000037],[-104.25170921599994,32.451404854000032],[-104.25235642499996,32.451458959000036],[-104.25476604899995,32.451664196000024],[-104.25569790399999,32.451854773000036],[-104.25576947799999,32.451842859000067],[-104.25581890399997,32.451821944000073],[-104.25585290899994,32.451777454000023],[-104.25588382199999,32.451738200000079],[-104.25592089999998,32.451712040000075],[-104.25597032599995,32.451688506000039],[-104.25603518399998,32.451675455000043],[-104.25609204099999,32.451676057000043],[-104.25671110299999,32.451740861000076],[-104.25728649699994,32.451865854000062],[-104.25777463499998,32.452009941000028],[-104.25827181299996,32.452195650000078],[-104.25871957799995,32.452474474000041],[-104.25919713199994,32.452854607000063],[-104.25969214599996,32.453394082000045],[-104.26015198399995,32.453944073000059],[-104.26116647299995,32.455185507000067],[-104.26280768199996,32.457111016000056],[-104.26346407399996,32.458023024000056],[-104.26364299399995,32.458402974000023],[-104.26385170299994,32.458884234000038],[-104.26409016699995,32.459517450000078],[-104.26420923799998,32.460049307000077],[-104.26432832699999,32.46055584000004],[-104.26435784899996,32.461011678000034],[-104.26435750199994,32.461467499000037],[-104.26432724599994,32.461973951000061],[-104.26426721599995,32.462353768000071],[-104.26417714299998,32.462961480000047],[-104.26151032599995,32.472835996000072],[-104.26094151999996,32.475038903000041],[-104.26009533499996,32.478126444000054],[-104.25950083799995,32.480295500000068],[-104.27208096199996,32.480286745000058],[-104.27202629099997,32.472791013000062],[-104.27209584099995,32.458306075000053],[-104.27162781999999,32.443820842000036],[-104.26287764699998,32.443968193000046],[-104.25669611499995,32.443660701000056],[-104.25636785299997,32.44338194200003],[-104.25544260699996,32.442773611000064],[-104.25487550999998,32.442418730000043],[-104.25448750899994,32.442165252000052],[-104.25427368299995,32.442071199000054],[-104.25403969499996,32.442013031000045],[-104.25375427299997,32.441984684000033],[-104.25255993999997,32.44202294400003],[-104.25227485199997,32.442002892000062],[-104.25206034299998,32.44193572000006],[-104.25183457499998,32.441830233000076],[-104.25166527399995,32.441724782000051],[-104.25147342899999,32.441571434000025],[-104.25136063699995,32.441418138000074],[-104.25065035199998,32.440124855000079],[-104.25059410699998,32.439885407000077],[-104.25058297199996,32.439713024000071],[-104.25060574999998,32.439502357000038],[-104.25067378699998,32.439195955000059],[-104.25075308899994,32.438918290000061],[-104.25133082399998,32.436926769000024],[-104.25139880399996,32.436677823000025],[-104.25145546599998,32.436457602000075],[-104.25147823299994,32.436256512000057],[-104.25144456199996,32.436026656000024],[-104.25139954899998,32.435854251000023],[-104.25133194199998,32.435691406000046],[-104.25119658899996,32.435518942000044],[-104.25106120299995,32.435384784000064],[-104.25086935599995,32.435250589000077],[-104.25067749199997,32.435135545000037],[-104.25038397899999,32.435039587000063],[-104.24838555999997,32.434703080000077],[-104.24769686999997,32.434558967000044],[-104.24653412799995,32.434184690000052],[-104.24634225199998,32.434088793000058],[-104.24620682099999,32.434012088000031],[-104.24611656699994,32.433925837000061],[-104.24607147199998,32.43384919500005],[-104.24603769699996,32.433743830000026],[-104.24602650699995,32.43363848100006],[-104.24604920999997,32.433514003000028],[-104.24613968499995,32.433370419000028],[-104.24627531999994,32.433236443000055],[-104.24644477299995,32.433159948000025],[-104.24660291699996,32.433102599000051],[-104.24679495499998,32.433026119000033],[-104.24703221599998,32.43289221200007],[-104.24720169599999,32.432786986000053],[-104.24732600699997,32.43268173000007],[-104.24746166599999,32.432519023000054],[-104.24766525599995,32.432164833000058],[-104.24807262099995,32.431255347000047],[-104.24811793299995,32.43110215400003],[-104.24815194399997,32.430958530000055],[-104.24816336999999,32.430814891000068],[-104.24816345999994,32.430719126000042],[-104.24811844599998,32.430556296000077],[-104.24806214099999,32.430393459000072],[-104.24797198799996,32.43020186800004],[-104.24699109999995,32.428640237000025],[-104.25036579399995,32.428591364000056],[-104.25039418999995,32.425230523000039],[-104.24481115799995,32.425173036000047],[-104.24467211699994,32.424947450000047],[-104.24462164699997,32.424775612000076],[-104.24458385499997,32.424582310000062],[-104.24457131099996,32.424464188000059],[-104.24457143699999,32.424335337000059],[-104.24458427499997,32.424152808000031],[-104.24463510399994,32.423959566000065],[-104.24473656199996,32.423777100000052],[-104.24485067899997,32.423594641000079],[-104.24554590099996,32.422898932000066],[-104.24554551399996,32.422898940000039],[-104.24557517699998,32.422869527000046],[-104.24561990099994,32.422824602000048],[-104.24559178899995,32.42285301000004],[-104.24637670899995,32.422067523000067],[-104.24637503999998,32.422066732000076],[-104.24637513199997,32.422066533000077],[-104.24637520399995,32.422066568000048],[-104.24678948899998,32.421652486000028],[-104.24699225499995,32.421427137000023],[-104.24715695299994,32.421298398000033],[-104.24734693599999,32.421201889000031],[-104.24758747699997,32.421191316000034],[-104.24782804799997,32.421148530000039],[-104.24809393799995,32.421105759000056],[-104.24833450899996,32.421062970000037],[-104.24854979899999,32.42097721500005],[-104.24880307899997,32.420880748000059],[-104.24905638799999,32.420752066000034],[-104.24934773299998,32.420558984000024],[-104.24963912899995,32.420312214000035],[-104.24989252299997,32.420086893000075],[-104.25057663799998,32.41952899000006],[-104.25070336699997,32.419378747000053],[-104.25084277499997,32.419207037000035],[-104.25094418499998,32.419056777000037],[-104.25100762799997,32.418895754000062],[-104.25104575099999,32.418734716000074],[-104.25132637999997,32.416383368000027],[-104.25137716999996,32.416211599000064],[-104.25145330799995,32.416007635000028],[-104.25155475199995,32.415814424000075],[-104.25168153299995,32.415599754000027],[-104.25235306799999,32.414902244000075],[-104.25250514399994,32.414709065000068],[-104.25260656599994,32.414537329000041],[-104.25268268799999,32.41434410100004],[-104.25275882999995,32.414129399000046],[-104.25278433899996,32.413914662000025],[-104.25240934699997,32.408577837000053],[-104.25222201599996,32.405742989000032],[-104.25215907699999,32.405356395000069],[-104.25207074399998,32.405055685000036],[-104.25193184199998,32.404690517000063],[-104.25179288399994,32.404389774000038],[-104.25164127899995,32.404078285000026],[-104.25141375199996,32.403745271000048],[-104.25122412899998,32.403487446000042],[-104.25105978199997,32.40327258700006],[-104.25085747499998,32.403046964000055],[-104.25008601199994,32.402380725000057],[-104.24964326799994,32.402111991000027],[-104.24870714499997,32.401595961000055],[-104.24661980599996,32.400520781000068],[-104.24648064499996,32.400456260000055],[-104.24634145299996,32.400423950000061],[-104.24618958499997,32.400413108000066],[-104.24606299799996,32.40043449500007],[-104.24589842199998,32.400477332000037],[-104.24542993899996,32.400670283000068],[-104.24527802799997,32.400702390000049],[-104.24510081499994,32.400723742000025],[-104.24494894499998,32.400712898000052],[-104.24383539499996,32.400475884000059],[-104.24321535999997,32.400335853000058],[-104.24301289699997,32.400292758000035],[-104.24282311399998,32.400228196000057],[-104.24267129899994,32.400163662000068],[-104.24255747599994,32.400077678000059],[-104.24243099699999,32.399991686000078],[-104.24230453999996,32.399884218000068],[-104.24217810399995,32.399755276000064],[-104.24206434699994,32.39960486800004],[-104.24198856999999,32.399443748000067],[-104.24184968399999,32.399110781000047],[-104.24138294299996,32.397585700000036],[-104.24106743199997,32.396704985000042],[-104.24071404899996,32.395738340000037],[-104.24063833299999,32.395523531000038],[-104.24056258399997,32.395340936000025],[-104.24046147999996,32.395201273000055],[-104.24036039799995,32.395040134000055],[-104.24022132699997,32.394900442000051],[-104.24006963399995,32.39472852800003],[-104.23991789699994,32.394599565000078],[-104.23976610499994,32.394524288000071],[-104.23788073399999,32.394200746000024],[-104.23770355499994,32.394200612000077],[-104.23753898499996,32.394243438000046],[-104.23734906999994,32.394318455000075],[-104.23715917699997,32.394371999000043],[-104.23285399999997,32.39637657600008],[-104.23172703699998,32.396891078000067],[-104.23106862899999,32.397148249000054],[-104.23053690199998,32.397298143000057],[-104.22995457099995,32.397426518000032],[-104.22934695199996,32.39753339400005],[-104.22892923599994,32.39758673700004],[-104.22686604999996,32.39777828800004],[-104.22619525899995,32.397788457000047],[-104.22486643299999,32.397722895000072],[-104.22460070299996,32.397679715000038],[-104.22444888099994,32.397636634000037],[-104.22423385499997,32.397529072000054],[-104.22413269499998,32.397453821000056],[-104.22403158899999,32.397335620000035],[-104.22390534999994,32.397067070000048],[-104.22376669099998,32.39660523200007],[-104.22369120899998,32.396229350000056],[-104.22367744699994,32.396070201000043],[-104.22368803899997,32.39589840800005],[-104.22372457099999,32.395744258000036],[-104.22377145899998,32.39561214400004],[-104.22384950699995,32.395475651000027],[-104.22397432099996,32.395308362000037],[-104.22411987599997,32.395163118000028],[-104.22445771499997,32.394872668000062],[-104.22455649699998,32.394762625000055],[-104.22463451599998,32.394648157000063],[-104.22467098299995,32.394546870000056],[-104.22468669499995,32.394432348000066],[-104.22468682699997,32.39432221900006],[-104.22467137799998,32.394216481000058],[-104.22465590699994,32.394128364000039],[-104.22461449799994,32.394022605000032],[-104.22370820999998,32.392632261000074],[-104.22297565499997,32.391429008000046],[-104.22234401699995,32.390505018000056],[-104.22130826499995,32.388904194000077],[-104.22115661799995,32.388732258000061],[-104.22100495999996,32.388571058000025],[-104.22085327299999,32.388431334000074],[-104.22062572399994,32.388237852000032],[-104.22032223399998,32.388055042000076],[-104.22006931199996,32.387915226000075],[-104.21975307499997,32.38780756500006],[-104.21944225599998,32.387719848000074],[-104.21905855099999,32.387666697000043],[-104.21738877399997,32.387550761000057],[-104.21715023699994,32.387532939000039],[-104.21693246599995,32.38749753500008],[-104.21671471799999,32.387444529000049],[-104.21656956499999,32.387400391000028],[-104.21642443299999,32.387338652000039],[-104.21628966399999,32.387285720000079],[-104.21612379999999,32.387215160000039],[-104.21596831999994,32.38713580700005],[-104.21580250299996,32.387030044000028],[-104.21567815099996,32.386941919000037],[-104.21554343999998,32.386844984000049],[-104.21540876199998,32.386721646000069],[-104.21524301599999,32.386563076000073],[-104.21511875699997,32.386404545000062],[-104.21496347399994,32.386175578000064],[-104.21333888299995,32.383287367000037],[-104.21324574799996,32.38312886500006],[-104.21314220699998,32.382996753000043],[-104.21301795499994,32.382838219000064],[-104.21285226599997,32.382644443000061],[-104.21269692599998,32.382468277000044],[-104.21250010099999,32.382292072000041],[-104.21230326399996,32.382124666000038],[-104.21204422199997,32.381939600000067],[-104.21168150099999,32.38172803100008],[-104.20890381799995,32.380352389000052],[-104.20754610799997,32.379673377000074],[-104.20739064999998,32.379594014000077],[-104.20725594599998,32.379505871000049],[-104.20712124199997,32.379417729000068],[-104.20694512599994,32.379276738000044],[-104.20678972999997,32.379153371000029],[-104.20664470599996,32.379030013000033],[-104.20649972899997,32.378871452000055],[-104.20633403699998,32.378695269000048],[-104.20613730499997,32.378466249000041],[-104.20591998099997,32.378131597000049],[-104.20522670599996,32.377004387000056],[-104.20366414699998,32.374582556000064],[-104.20353998699994,32.374380009000049],[-104.20342614899994,32.37421267700006],[-104.20330192799997,32.374054132000026],[-104.20313625099999,32.373877944000071],[-104.20287737699999,32.373604851000039],[-104.20267021899997,32.373428619000038],[-104.20241125999996,32.373217130000057],[-104.20217300399997,32.373032065000075],[-104.20193471099998,32.372873401000049],[-104.20168606199996,32.372705926000037],[-104.20142700499997,32.372564842000031],[-104.20111609599996,32.372423702000049],[-104.20070150899994,32.372264851000068],[-104.19886696099996,32.371576442000048],[-104.19602712199998,32.370490876000076],[-104.19543641999996,32.37022620700003],[-104.19506342899996,32.370005777000074],[-104.19453502099998,32.369697168000073],[-104.19445940799994,32.363530132000051],[-104.21152577799995,32.363545086000045],[-104.21155154099995,32.356172633000028],[-104.20300869399995,32.356164095000054],[-104.18688053399995,32.356088702000079],[-104.18694205699995,32.355733370000053],[-104.18701835299998,32.35539056600004],[-104.18875476299996,32.351042128000074],[-104.18883084399994,32.350827908000042],[-104.18886901999997,32.350635074000024],[-104.18886937699995,32.350410053000076],[-104.18884662099998,32.350208277000036],[-104.18876673999995,32.349960392000071],[-104.18835918899998,32.349253713000053],[-104.18829373599999,32.349111157000038],[-104.18822103599996,32.348937619000026],[-104.18818482299997,32.348764122000034],[-104.18818504099994,32.348627836000048],[-104.18819260599997,32.348460584000065],[-104.18822938999995,32.348274782000033],[-104.18828805899994,32.348095200000046],[-104.18833206299996,32.347958964000043],[-104.18836879799994,32.347804135000047],[-104.18837629399997,32.347680248000074],[-104.18837648199997,32.347562546000063],[-104.18835473699994,32.347469598000032],[-104.18828926599997,32.347339432000069],[-104.18821645699995,32.347234037000078],[-104.18810714199998,32.347140988000035],[-104.18682401499996,32.346365151000043],[-104.18672927699998,32.346284508000053],[-104.18662726199994,32.34619146600005],[-104.18655444699999,32.346092264000049],[-104.18646707599999,32.345968266000057],[-104.18641617299994,32.34585670000007],[-104.18635800599998,32.345726541000033],[-104.18633630199997,32.345608814000059],[-104.18631469099995,32.345435333000069],[-104.18634830099995,32.345069652000063],[-104.18641842599999,32.344462865000025],[-104.18644960899996,32.34396739400006],[-104.18647067899997,32.343738131000066],[-104.18647143999999,32.343267325000056],[-104.18645038899996,32.342746934000047],[-104.18641496399994,32.34209024200004],[-104.18636486499997,32.341483090000054],[-104.19529611899998,32.341459175000068],[-104.19505790599999,32.312293558000079],[-104.18650396399994,32.312357079000037],[-104.18369505099997,32.312395695000077],[-104.18339373899994,32.312288332000037],[-104.18293586699997,32.312186315000076],[-104.18207976699995,32.312044359000026],[-104.18184089499994,32.311982062000027],[-104.18166841399994,32.311914207000029],[-104.18154239899997,32.311846408000065],[-104.18140977599995,32.311761689000036],[-104.18129705799998,32.311682630000064],[-104.18116446399995,32.311580999000057],[-104.18107832699997,32.311485060000052],[-104.18097236099999,32.311338363000061],[-104.18087966299998,32.311197317000051],[-104.18053587899999,32.310362578000024],[-104.18041016999996,32.31011438400003],[-104.18031748399994,32.309967701000062],[-104.18022477799997,32.309832293000056],[-104.18006575999999,32.309657343000026],[-104.17977415999997,32.309375122000063],[-104.17776883399995,32.308045426000035],[-104.17702915699999,32.307539623000025],[-104.17657163599995,32.307251552000025],[-104.17633285699998,32.307144146000041],[-104.17614710299995,32.307081904000029],[-104.17594806399995,32.307025282000041],[-104.17565608599995,32.306974182000033],[-104.17535743199994,32.306945622000057],[-104.17503880399994,32.306950860000029],[-104.17477322099995,32.306989989000044],[-104.17096828699994,32.307791289000079],[-104.16810614499997,32.308447142000034],[-104.16781398199998,32.30849749600003],[-104.16758163299994,32.308508465000045],[-104.16736258999998,32.308502539000074],[-104.16632060399996,32.308405331000074],[-104.16593564199997,32.308382271000028],[-104.16553068499996,32.308404284000062],[-104.16531155899997,32.308443453000052],[-104.16513225099999,32.308488313000055],[-104.16497285699995,32.308533199000067],[-104.16443433099994,32.308716879000031],[-104.16331892799997,32.309105989000045],[-104.16311969199995,32.309156456000039],[-104.16292711599999,32.309195658000078],[-104.16267482799998,32.30921786600004],[-104.16244914699996,32.309211924000067],[-104.16228986599998,32.309194796000043],[-104.16210407399996,32.309155083000064],[-104.16187186099995,32.309092756000041],[-104.16165298699997,32.308996624000031],[-104.16142093399998,32.308849738000049],[-104.15952520099995,32.307415263000053],[-104.15776927899998,32.305794921000029],[-104.15515205799994,32.303389753000033],[-104.15468830099996,32.302943750000054],[-104.15450287999994,32.302723631000049],[-104.15435726499999,32.30251484300004],[-104.15423160599994,32.302283535000072],[-104.15411264199997,32.302024050000057],[-104.15400039299999,32.301725112000042],[-104.15377038099996,32.300557858000047],[-104.15371108999994,32.300332281000067],[-104.15363847899994,32.300129233000064],[-104.15353929699995,32.299937422000028],[-104.15345333499994,32.299773818000062],[-104.15176579399997,32.297274066000057],[-104.15108411999995,32.296297826000057],[-104.15090531299995,32.29610026000006],[-104.15072643999997,32.295936518000076],[-104.14854679599995,32.293988468000066],[-104.14602278299998,32.291724179000028],[-104.14581071999999,32.291571656000031],[-104.14565827299998,32.291475594000076],[-104.14547927799998,32.291379493000079],[-104.14527373899995,32.29128335300004],[-104.14331755599994,32.290614670000025],[-104.14285970799995,32.290451046000044],[-104.14255466999998,32.290332201000069],[-104.14228283999995,32.290202131000058],[-104.14179894699998,32.289925169000071],[-104.14091738599996,32.289399557000024],[-104.14057931399998,32.289213009000036],[-104.14034699399997,32.289089596000053],[-104.13968426499997,32.288794477000067],[-104.13873611999998,32.288381494000078],[-104.13850413199998,32.288245839000069],[-104.13837163199997,32.288138526000068],[-104.13826568899998,32.288025615000038],[-104.13817966899995,32.287907098000062],[-104.13811358199996,32.28777733700008],[-104.13808060599996,32.287681451000026],[-104.13804106499998,32.287551732000054],[-104.13802148199994,32.287399493000066],[-104.13802174799997,32.287275473000079],[-104.13803533499998,32.287128922000079],[-104.13805547299995,32.287021844000037],[-104.13809554499994,32.286903522000046],[-104.13817895599999,32.286734187000036],[-104.13830573299998,32.286561385000027],[-104.13862932299998,32.286305371000026],[-104.13875598399994,32.286186257000054],[-104.13883348599995,32.286067069000069],[-104.13893918099996,32.285900198000036],[-104.13900271499995,32.28574519600005],[-104.13905220299995,32.285590170000035],[-104.13907357599999,32.285447032000036],[-104.13908799099994,32.285274056000048],[-104.13908132299997,32.285107014000062],[-104.13905366599994,32.284904147000077],[-104.13900488999997,32.284725109000078],[-104.13850249899997,32.283215079000058],[-104.13846074899999,32.283036051000067],[-104.13844694699998,32.282922685000074],[-104.13844717699999,32.282815309000057],[-104.13846153999998,32.282666194000058],[-104.13850399099994,32.282517124000037],[-104.13855345399998,32.282374029000039],[-104.14028700199998,32.27951328000006],[-104.14075208399998,32.278744447000065],[-104.14170288899999,32.27739770200003],[-104.14192825399999,32.277081876000068],[-104.14208326099998,32.276831562000041],[-104.14218188099994,32.276682575000052],[-104.14242191799997,32.276212727000029],[-104.15239178699994,32.276185161000058],[-104.15241932899994,32.268570712000042],[-104.13555162899996,32.268566548000024],[-104.13549567499996,32.27143905500003],[-104.13395710999998,32.271739855000078],[-104.13343726099998,32.27185834200003],[-104.13307190899997,32.271965142000056],[-104.13001531599997,32.272968419000051],[-104.12872241299999,32.273383912000043],[-104.12848354399995,32.273443179000026],[-104.12831497199994,32.273466767000059],[-104.12809028199996,32.273466402000054],[-104.12792179099995,32.273454197000035],[-104.12773226099995,32.273430028000064],[-104.12748662599995,32.273375939000061],[-104.12725511699995,32.273286080000048],[-104.12706576399995,32.273184357000048],[-104.12689748799994,32.273076705000051],[-104.12668713899996,32.272945121000078],[-104.12644870499997,32.272813491000079],[-104.12622425899997,32.272705745000053],[-104.12605589199995,32.27263984800004],[-104.12584538199997,32.272579848000078],[-104.12559272999994,32.272525744000063],[-104.12525579099997,32.272483431000069],[-104.12480648299999,32.272452863000069],[-104.12379547999996,32.272409432000075],[-104.12358480699999,32.272421013000042],[-104.12340922899995,32.272438617000034],[-104.12328279999997,32.272456304000059],[-104.12318444399995,32.272480002000066],[-104.12302283899999,32.272527457000024],[-104.12288228399996,32.272580912000024],[-104.12274170199998,32.272646297000051],[-104.12255191399998,32.272735462000071],[-104.12156860899995,32.273355887000037],[-104.12111742499997,32.273633843000027],[-104.12094868299994,32.273729006000053],[-104.12067454899994,32.273853819000067],[-104.12029299199997,32.273991562000049],[-104.11933948799998,32.274257214000045],[-104.11903743099998,32.274310392000075],[-104.11873541599999,32.274345671000049],[-104.11834913999996,32.274380807000057],[-104.11812444599997,32.274380424000071],[-104.11789273199997,32.274380029000042],[-104.11768914699996,32.274361785000053],[-104.11666469299996,32.27422081800006],[-104.11494453599994,32.273999142000036],[-104.11474805799998,32.273945113000025],[-104.11455860299998,32.273891096000057],[-104.11441132099998,32.273819255000035],[-104.11427809699995,32.273741475000065],[-104.11413085899994,32.273651736000033],[-104.11401173499996,32.27355011700007],[-104.11389264199994,32.273436567000033],[-104.11378761799995,32.273311110000066],[-104.11364078399998,32.273054341000034],[-104.11283003599999,32.271501912000076],[-104.11267486299994,32.271263198000042],[-104.11242984099994,32.270962112000063],[-104.11218461899995,32.270744540000067],[-104.11196878699997,32.27056877800004],[-104.11169391499999,32.270417966000025],[-104.11145828199994,32.270300630000065],[-104.11125205799999,32.270216751000078],[-104.11108509199994,32.270157997000069],[-104.10946070299997,32.269717334000063],[-104.10726384399999,32.269115612000064],[-104.10710671299995,32.269056870000043],[-104.10429870099995,32.267740604000039],[-104.10369966299999,32.267514022000057],[-104.10323811499995,32.267337799000074],[-104.10273727299995,32.267153149000023],[-104.10208903199998,32.266951525000025],[-104.09922117399998,32.26602756300008],[-104.09882834099994,32.26589320800008],[-104.09846510499995,32.265717149000068],[-104.09813137999998,32.265532792000045],[-104.09781738099997,32.265323417000047],[-104.09755246399999,32.265139186000056],[-104.09715047899999,32.264745908000066],[-104.09698394299994,32.264528454000072],[-104.09683715399996,32.264277632000073],[-104.09672983399997,32.263968419000037],[-104.09669129799994,32.263667689000044],[-104.09670139299999,32.263565399000072],[-104.09672139099996,32.263433899000063],[-104.09675113399999,32.263335823000034],[-104.09680056699995,32.263225257000045],[-104.09690907499999,32.263075130000061],[-104.09702737199996,32.262941726000065],[-104.09718006399999,32.262810473000059],[-104.09732773699994,32.262718881000069],[-104.09742369499997,32.262671038000065],[-104.09755406399995,32.26261908400005],[-104.09767704499995,32.262573380000049],[-104.09780246399998,32.262536032000071],[-104.09790575399995,32.262502817000041],[-104.09804834999994,32.262473852000028],[-104.09823274099995,32.262436613000034],[-104.09849328099995,32.262409955000066],[-104.09971237799999,32.262295292000033],[-104.10131488899998,32.26214791600006],[-104.10144279299999,32.262098042000048],[-104.10409823799995,32.261459812000055],[-104.10434419199999,32.26136839000003],[-104.10454104099995,32.261260175000075],[-104.10687424499997,32.259752734000074],[-104.11197362099995,32.256429466000043],[-104.11519251499999,32.254338802000063],[-104.11705296799994,32.25310595600007],[-104.11719081799998,32.252997621000077],[-104.11737798599995,32.25281420400006],[-104.11889009499998,32.251115878000064],[-104.11983172299995,32.250012218000052],[-104.12005824799996,32.24980381000006],[-104.12033400899998,32.249553726000045],[-104.12440116599998,32.245919193000077],[-104.12549419899995,32.244952203000025],[-104.12706982799995,32.243501595000055],[-104.12729635799997,32.243276469000079],[-104.12749346199996,32.243026241000052],[-104.12767100599996,32.242734221000035],[-104.12813506999998,32.241757831000029],[-104.12825383499995,32.241382198000053],[-104.12829383599995,32.241073251000046],[-104.12845361299998,32.239937683000051],[-104.12856668999996,32.23771632100005],[-104.12856713999997,32.237515882000025],[-104.12864612499999,32.237348977000067],[-104.12877427799998,32.237165447000052],[-104.12889251299998,32.237023660000034],[-104.12905010799994,32.236856882000041],[-104.13014268499995,32.236023475000025],[-104.13023136199996,32.235915046000059],[-104.13032022499999,32.23572310000003],[-104.13092310199994,32.234153951000053],[-104.13099212499998,32.234045491000074],[-104.13105122799999,32.233978772000057],[-104.13113000299995,32.233903733000034],[-104.13120873999998,32.233845396000049],[-104.13131695499999,32.233787108000058],[-104.13141528899996,32.233753858000057],[-104.13155294399996,32.233712320000052],[-104.13176915099996,32.23369596200007],[-104.13237824999999,32.233747042000061],[-104.13276140799996,32.233772705000035],[-104.13336079099997,32.23377365500005],[-104.13397001799996,32.233766266000032],[-104.13462850299999,32.233700490000047],[-104.13511990899997,32.233651151000061],[-104.13543441199994,32.23361823700003],[-104.13555241399996,32.233576664000054],[-104.13567052399998,32.233484979000025],[-104.13578977899999,32.233354030000044],[-104.13589698999999,32.233268190000047],[-104.13601504499997,32.233201561000044],[-104.13633949799998,32.233110199000066],[-104.13670323599996,32.233027248000042],[-104.13702770499998,32.232927532000076],[-104.13727362199995,32.232802639000056],[-104.13747038899999,32.232686020000074],[-104.13770653099999,32.232536055000025],[-104.13796775399999,32.232349772000077],[-104.13810020799997,32.232236004000072],[-104.13826745999995,32.232136043000025],[-104.13842045599995,32.232067388000075],[-104.13893942599998,32.231888608000077],[-104.13950839199998,32.231635607000044],[-104.14023224899995,32.231343687000049],[-104.15269964399994,32.231345547000046],[-104.15289799499999,32.224856034000027],[-104.15289101099995,32.221168362000071],[-104.14862428799995,32.221186460000069],[-104.14863169499995,32.217523067000059],[-104.14420823099994,32.217516527000043],[-104.14425135399995,32.210468780000042],[-104.13549074799994,32.210443245000079],[-104.13560093999996,32.220646911000074],[-104.12696387099999,32.22066909800003],[-104.12687370199995,32.228438937000078],[-104.13558410899998,32.228420946000028],[-104.13555673599996,32.232269228000064],[-104.13583725499996,32.232196302000034],[-104.13600708199999,32.232145767000077],[-104.13605630599994,32.232127553000055],[-104.13621950999999,32.232067168000071],[-104.13630387999996,32.232031475000042],[-104.13643268299995,32.23197003100006],[-104.13686834999999,32.23157457800005],[-104.13688406499995,32.231559972000071],[-104.13792532899998,32.231081204000077],[-104.13812272199999,32.230998398000054],[-104.13890090799998,32.230671947000076],[-104.13901565199996,32.230637314000035],[-104.13911964799996,32.23060349800005],[-104.13912220699996,32.230602666000038],[-104.13918938499995,32.230595808000032],[-104.14062146599997,32.230437872000039],[-104.13945809999996,32.23056837200005],[-104.13918938499995,32.230595808000032],[-104.13911964799996,32.23060349800005],[-104.13812272199999,32.230998398000054],[-104.13686834999999,32.23157457800005],[-104.13654756499994,32.231872741000075],[-104.13643268299995,32.23197003100006],[-104.13641627199996,32.231983929000023],[-104.13630387999996,32.232031475000042],[-104.13627687699994,32.232053332000078],[-104.13605630599994,32.232127553000055],[-104.13601882499995,32.232142273000079],[-104.13600708199999,32.232145767000077],[-104.13595719099999,32.232164227000055],[-104.13583725499996,32.232196302000034],[-104.13497371099999,32.232427245000054],[-104.13475245099994,32.232475632000046],[-104.13451485299998,32.232503106000024],[-104.13381865599996,32.232488085000057],[-104.13309788599997,32.232473021000033],[-104.13296686099994,32.232458889000043],[-104.13285223499997,32.232437822000065],[-104.13108421599998,32.23188500200007],[-104.13093688999999,32.231836032000047],[-104.13079778299999,32.231773150000038],[-104.12915347899997,32.230851513000061],[-104.12796728899997,32.230195158000072],[-104.12780370999997,32.230090461000032],[-104.12767284799997,32.230006704000061],[-104.12751752199995,32.229874171000063],[-104.12564619499994,32.227963507000027],[-104.12550727499996,32.227824038000051],[-104.12538468699995,32.227705482000033],[-104.12523749599995,32.227600808000034],[-104.12432969199995,32.227014497000027],[-104.12378173299999,32.226665487000048],[-104.12358545099994,32.226539844000058],[-104.12343823199996,32.226449093000042],[-104.12328275899995,32.226386176000062],[-104.12314365199995,32.226330248000068],[-104.12294721099994,32.226274225000054],[-104.12275070699997,32.226246050000043],[-104.12258691599999,32.226238815000045],[-104.12164494599995,32.226272051000024],[-104.12135012599998,32.226257633000046],[-104.12116182799997,32.226222506000056],[-104.12098171999997,32.226187393000032],[-104.12077710899996,32.226124390000052],[-104.11889478599994,32.225501589000032],[-104.11875566599997,32.22545261700003],[-104.11864113399997,32.225396727000032],[-104.11855934499994,32.225347853000073],[-104.11845306899994,32.225264127000059],[-104.11825691199999,32.22508974200008],[-104.11838330499995,32.210404900000071],[-104.10950965699999,32.210432565000076],[-104.10954517899995,32.19592450500005],[-104.10121061999996,32.195909481000058],[-104.08423263899999,32.195948764000036],[-104.08418428899995,32.203393625000047],[-104.06700875299998,32.203334753000036],[-104.04952439699997,32.203320581000071],[-104.03226466199999,32.203280663000044],[-104.02477150199996,32.203238737000049],[-104.02475748599994,32.207390685000064],[-104.02555977499998,32.207509564000077],[-104.02658050199994,32.207770946000039],[-104.02747342399999,32.208065418000047],[-104.02837575899997,32.20848518300005],[-104.02927768299998,32.209030214000052],[-104.03074723899999,32.21021968000008],[-104.03103120399999,32.210495964000074],[-104.03115871499995,32.210554731000059],[-104.03149224099997,32.210697506000031],[-104.03165868699995,32.210864937000053],[-104.03193247499996,32.211249768000073],[-104.03206912399997,32.21151734700004],[-104.03219583699996,32.21181830900008],[-104.03222415299996,32.212169147000054],[-104.03220367999995,32.212419649000026],[-104.03212418199996,32.212695065000048],[-104.03198579799994,32.212953637000055],[-104.03033923999999,32.214762015000076],[-104.02903905399995,32.215961977000063],[-104.02801411699994,32.216760823000072],[-104.02790543799995,32.216944298000044],[-104.02792447299998,32.217128081000055],[-104.02788461699998,32.217295018000073],[-104.02778590199995,32.217436758000076],[-104.02759876899995,32.217578284000069],[-104.02736254199999,32.217711339000061],[-104.02706739599995,32.217835899000079],[-104.02660512799997,32.217993461000049],[-104.02605449699996,32.218134102000079],[-104.02516967099996,32.21832403600007],[-104.02483536599999,32.218406737000066],[-104.02465827599997,32.218481469000039],[-104.02452034099997,32.218598057000065],[-104.02437224399995,32.218814838000071],[-104.02396729999998,32.219448574000069],[-104.02381916999997,32.219673707000027],[-104.02368123299999,32.219790293000074],[-104.02347463799998,32.219873304000032],[-104.02311088099998,32.219947576000038],[-104.02265881699998,32.219988224000076],[-104.02226566999997,32.220037367000032],[-104.02194112399997,32.220136788000048],[-104.02090819099999,32.220535120000079],[-104.02051481199999,32.220651071000077],[-104.02003278199999,32.220833613000025],[-104.01989483899996,32.220950194000068],[-104.01983563399995,32.221025213000075],[-104.01979602199998,32.221116982000069],[-104.01968419399998,32.222210774000075],[-104.01971266599998,32.222503152000058],[-104.01981010899999,32.222737240000072],[-104.01996655899995,32.222954771000047],[-104.02017221899996,32.22314736900006],[-104.02053519199995,32.223306950000051],[-104.02092789399995,32.223391437000032],[-104.02131094499998,32.223425791000068],[-104.02161554299994,32.223418190000075],[-104.02183185799998,32.223368613000048],[-104.02213702299997,32.223193980000076],[-104.02229444599999,32.22312755400003],[-104.02249108299998,32.223086280000075],[-104.02273667199995,32.223095234000027],[-104.02340483799998,32.22307182000003],[-104.02399415299999,32.223123374000068],[-104.02514375899995,32.223092775000055],[-104.02526159999996,32.223109765000061],[-104.02560602799997,32.22294357100003],[-104.02577318699997,32.222902220000037],[-104.02604825199995,32.22291124000003],[-104.02622495599996,32.222953429000029],[-104.02635250899999,32.223003848000076],[-104.02648966199996,32.223121104000029],[-104.02753724599995,32.224217711000051],[-104.02849790799996,32.224871461000077],[-104.02932158799996,32.225357842000051],[-104.02961603199998,32.225450418000037],[-104.02985169199997,32.225492741000039],[-104.03015598999997,32.225576988000057],[-104.03148747999995,32.226137678000043],[-104.03373671699995,32.227230804000044],[-104.03393308499994,32.22727302800007],[-104.03415881799998,32.227348727000049],[-104.03447284199996,32.227466394000032],[-104.03472780599998,32.227617327000075],[-104.03486494799995,32.22774292500003],[-104.03498244299999,32.227868477000072],[-104.03506068899998,32.227977233000047],[-104.03514889899998,32.228044255000043],[-104.03555105499998,32.228253995000046],[-104.03605121999999,32.228539128000079],[-104.03666948299997,32.228766076000056],[-104.03702278999998,32.22889217900007],[-104.03767082999997,32.229027324000072],[-104.03823057999995,32.229120499000032],[-104.03886852899996,32.229339131000074],[-104.04123287499999,32.230463740000062],[-104.04220360599999,32.231092354000054],[-104.04257264699999,32.231456911000066],[-104.04274175399996,32.231803484000068],[-104.04286834599998,32.232162895000045],[-104.04301472199995,32.232480595000027],[-104.04522599699999,32.234077901000035],[-104.04581899799996,32.234357777000071],[-104.04709393699994,32.235137375000079],[-104.04745655899995,32.235438855000041],[-104.04788796699995,32.235740490000069],[-104.04825961099999,32.236300890000052],[-104.04845454499997,32.236810780000042],[-104.04869692899996,32.237506188000054],[-104.04902943599996,32.238016387000073],[-104.04905836899997,32.238191837000045],[-104.04897910699998,32.238400450000029],[-104.04883098199997,32.238633963000041],[-104.04865288299999,32.239026090000038],[-104.04848704399996,32.239675589000058],[-104.04833496899994,32.240136143000029],[-104.04818652699998,32.240469873000052],[-104.04808776399994,32.240628332000028],[-104.04793025099997,32.240719844000068],[-104.04749719799997,32.240936008000062],[-104.04731007199996,32.24106921200007],[-104.04703411399998,32.241327488000024],[-104.04683660899997,32.241636051000057],[-104.04585751499997,32.243546271000071],[-104.04534278399996,32.244797929000072],[-104.04462173399997,32.245957161000035],[-104.04384964899998,32.247709238000027],[-104.04370936199996,32.248560784000063],[-104.04403133899996,32.249296466000033],[-104.04405035899998,32.249496948000058],[-104.04397099599998,32.249730612000064],[-104.04383277299996,32.249930735000078],[-104.04361566399996,32.250214193000033],[-104.04343812899998,32.250414224000053],[-104.04312292599997,32.250638996000077],[-104.04263103399995,32.250796546000061],[-104.03941333499995,32.252041846000054],[-104.03881305299996,32.252282646000026],[-104.03840989399998,32.25234851700003],[-104.03794760399995,32.252464360000033],[-104.03745528899998,32.252747164000027],[-104.03709054399997,32.253088726000044],[-104.03659832999995,32.253338120000024],[-104.03606707399996,32.25350390400007],[-104.03568359199994,32.25356146200005],[-104.03511364799999,32.253535064000062],[-104.03433668799994,32.253700260000073],[-104.03342064899999,32.254316109000058],[-104.03331196299996,32.254491235000046],[-104.03327188199995,32.254724986000042],[-104.03378827599994,32.256095877000064],[-104.03396310299996,32.256731014000025],[-104.03405954899995,32.257290802000057],[-104.03397779799997,32.258242693000057],[-104.03365914199998,32.259503033000044],[-104.03345095499998,32.260045393000041],[-104.03307581499996,32.260545599000068],[-104.03235451199998,32.261696406000056],[-104.03213697999996,32.262088412000026],[-104.03187066099997,32.262371734000055],[-104.03128972799999,32.262679355000046],[-104.03070948399994,32.262778185000059],[-104.02987407599994,32.262759478000078],[-104.02915700399996,32.262624128000027],[-104.02814718899998,32.261853344000031],[-104.02745028899994,32.261567703000026],[-104.02711624799997,32.261525136000046],[-104.02667394899998,32.261524063000024],[-104.02616256699997,32.261606336000057],[-104.02589667999996,32.261756018000028],[-104.02567954299997,32.262022742000056],[-104.02536357999998,32.262447904000055],[-104.02516606899997,32.262723025000071],[-104.02459445999995,32.263172617000066],[-104.02333327699995,32.264071502000036],[-104.02264236399998,32.264913317000037],[-104.02182154399998,32.266372826000065],[-104.02102706999995,32.268742720000034],[-104.02044886899995,32.271096440000065],[-104.02011032099995,32.272356692000074],[-104.01993188799997,32.272790533000034],[-104.01949901599994,32.275745923000045],[-104.01961324499996,32.27683191400007],[-104.01971085999998,32.277032594000048],[-104.02006366699999,32.277350831000035],[-104.02056385099996,32.27769448500004],[-104.02249714799996,32.278676394000058],[-104.02422423899998,32.279599309000048],[-104.02520497599994,32.280294887000025],[-104.02651860299994,32.281400495000071],[-104.02750867799995,32.282254758000079],[-104.02823374699994,32.28298310100007],[-104.02861652099995,32.283176111000046],[-104.02889159799997,32.283235237000042],[-104.02950127299994,32.283194946000037],[-104.03029757199994,32.283205212000041],[-104.03081834899996,32.283289976000049],[-104.03127000399996,32.283466440000041],[-104.03180972699994,32.283768387000066],[-104.03244713199996,32.284262651000063],[-104.03302544699994,32.284790178000037],[-104.03465901999999,32.287316231000034],[-104.03543105099999,32.288746175000028],[-104.03550883299994,32.289013609000051],[-104.03558628599995,32.289381262000063],[-104.03565431799996,32.289623617000075],[-104.03676102699995,32.290945771000054],[-104.03743734999995,32.291590430000042],[-104.03838873999996,32.292310892000046],[-104.03924179599994,32.293039469000064],[-104.04003594999995,32.293742848000079],[-104.04108659399998,32.294187918000034],[-104.04180336899998,32.294498583000063],[-104.04201912199994,32.294674464000025],[-104.04215605599995,32.294900274000042],[-104.04288163499996,32.295536664000053],[-104.04330382399996,32.295729721000043],[-104.04410866299997,32.296182552000062],[-104.04476458999994,32.297086023000077],[-104.04520500299998,32.297738451000043],[-104.04606312199996,32.300012035000066],[-104.04734558499996,32.301818884000056],[-104.04805101299996,32.302638934000072],[-104.04920800899998,32.303710544000069],[-104.05235688899995,32.306198007000035],[-104.05470026999996,32.308449772000074],[-104.05727030899999,32.310585067000034],[-104.05887999399994,32.311624170000073],[-104.05946866899995,32.312084785000025],[-104.05979219899996,32.312419548000037],[-104.06024342799998,32.312804698000036],[-104.06045888299997,32.313105819000043],[-104.06112537899998,32.313858899000024],[-104.06122693899994,32.314018209000039],[-104.06095606799994,32.314568416000043],[-104.06072809599999,32.315160884000079],[-104.06050092199996,32.315486103000069],[-104.06008635799998,32.315986300000077],[-104.05778818199997,32.318186112000035],[-104.05725498799995,32.318878125000026],[-104.05685823499999,32.319979661000048],[-104.05670771099994,32.320964814000035],[-104.05665416899996,32.322401162000062],[-104.05678924999995,32.323261667000054],[-104.05712969199999,32.324515144000031],[-104.05782299199996,32.32617861600005],[-104.05859581399994,32.327575007000064],[-104.05929067499994,32.328737382000043],[-104.05971169499998,32.329381365000074],[-104.06028980099995,32.330125902000077],[-104.06079981299996,32.330619746000025],[-104.06195810999998,32.331423990000076],[-104.06806882899997,32.334025960000076],[-104.06852114899999,32.334085370000025],[-104.06895393999997,32.334094629000049],[-104.07017145999998,32.334008270000027],[-104.07058777699996,32.333967071000075],[-104.07131157499998,32.333825551000075],[-104.07214463999998,32.333591708000029],[-104.07613397699998,32.332035183000073],[-104.07683067899995,32.331714197000053],[-104.07703707399997,32.331700573000035],[-104.07747550099998,32.331701463000059],[-104.07781303299998,32.331601928000055],[-104.07804969099999,32.331394812000042],[-104.07941763099996,32.330653092000034],[-104.07958645499997,32.330581847000076],[-104.07982256799994,32.330568005000032],[-104.08005036799995,32.330511195000042],[-104.08065031299998,32.330032781000057],[-104.08130056099998,32.329654683000058],[-104.08532271699994,32.329469373000052],[-104.09055120499994,32.329021401000034],[-104.09115785899996,32.329165735000061],[-104.09175657599997,32.329123932000073],[-104.09363005999995,32.328447451000045],[-104.09396833599999,32.328054377000058],[-104.09441578799999,32.327552798000056],[-104.09456007999995,32.327454186000068],[-104.09503250899996,32.327340544000037],[-104.09521823299997,32.327247834000048],[-104.09535333199995,32.327169347000051],[-104.09549673199996,32.327140984000039],[-104.09562334499998,32.327083954000045],[-104.09572492699999,32.326926659000037],[-104.09571707499998,32.326704731000063],[-104.09567466099998,32.326518196000052],[-104.09527451199995,32.325071766000065],[-104.09503937199997,32.324720557000035],[-104.09500613699998,32.324534373000063],[-104.09506552599998,32.32439131700005],[-104.09531035199996,32.324262926000074],[-104.09550045999998,32.324102219000054],[-104.09623141299994,32.32344859400007],[-104.09632425999996,32.323405818000026],[-104.09758870799999,32.32345829500008],[-104.09837257999999,32.323524184000064],[-104.09870928499998,32.323725248000073],[-104.09885243799994,32.323789939000051],[-104.09900418799998,32.323790221000024],[-104.09920659499994,32.323761964000028],[-104.09944281699995,32.323697975000073],[-104.10190901399994,32.324175829000069],[-104.10410234699998,32.324723028000051],[-104.10526436799995,32.325198228000033],[-104.10542529499997,32.32523905100004],[-104.10568614399995,32.325191197000038],[-104.10589694699996,32.325177260000032],[-104.10613289799994,32.32522063600004],[-104.10660451699994,32.325421921000043],[-104.10701582499996,32.325642506000065],[-104.10721053799995,32.325891635000062],[-104.10731841399996,32.326149823000037],[-104.10746953699999,32.326472587000069],[-104.10773891399998,32.327247052000075],[-104.10810682699997,32.327671557000031],[-104.10942572699997,32.329719430000068],[-104.10967421699996,32.330171361000055],[-104.10969476599996,32.330641316000026],[-104.10960701999994,32.331018937000067],[-104.10961748599999,32.331175594000058],[-104.10985553599994,32.331461654000066],[-104.11020195199995,32.331812401000036],[-104.11093596999996,32.332879256000069],[-104.11135674499997,32.333361926000066],[-104.11153175799996,32.333690626000077],[-104.11156644299996,32.333886870000072],[-104.11153577299996,32.334104324000066],[-104.11139968599997,32.334291738000047],[-104.11122851799996,32.334444972000028],[-104.11098660499994,32.334768674000031],[-104.11067944099995,32.335070936000079],[-104.11039754799998,32.335309269000049],[-104.11026179099997,32.335360207000065],[-104.11005566399996,32.335428081000032],[-104.10968827799996,32.335704645000078],[-104.10961753099997,32.335875114000032],[-104.10792043799995,32.337569502000065],[-104.10766322299997,32.337978465000049],[-104.10764251499995,32.33822579100007],[-104.10753155299994,32.338404715000024],[-104.10732025599998,32.338528017000044],[-104.10702864699999,32.338625585000045],[-104.10664640099998,32.338808288000052],[-104.10605305399997,32.33903325700004],[-104.10553515799995,32.339219976000038],[-104.10516816899997,32.339325934000044],[-104.10491166499997,32.339444886000024],[-104.10474054099996,32.339572521000036],[-104.10454940899996,32.339666000000079],[-104.10442872399994,32.33971269500006],[-104.10430815699999,32.339712476000045],[-104.10418265199996,32.339678130000038],[-104.10348017799998,32.339348458000075],[-104.10318896099994,32.339288220000071],[-104.10293275799995,32.339287752000075],[-104.10266649699997,32.339291531000072],[-104.10245548499995,32.339299674000074],[-104.10228972899995,32.339290842000025],[-104.10139047399997,32.339301987000056],[-104.10070459099995,32.33931664000005],[-104.09957934299996,32.33969634500005],[-104.09945231199998,32.339910862000067],[-104.09933957799996,32.340029961000027],[-104.09866495099999,32.340052570000068],[-104.09732869699997,32.340503446000071],[-104.09648477299999,32.340776273000074],[-104.09407797499995,32.342155698000056],[-104.09197927799994,32.343917452000028],[-104.09149550599994,32.346147575000032],[-104.09139658599997,32.346350208000047],[-104.09124173299995,32.34644535700005],[-104.09111473499996,32.34663600500005],[-104.09107184099997,32.346910330000071],[-104.09112729599997,32.347196774000054],[-104.09128116399995,32.347471477000056],[-104.09142110599998,32.347698429000047],[-104.09156108299999,32.347913451000068],[-104.09191181599999,32.348152738000067],[-104.09238910499994,32.348368403000052],[-104.09303457999994,32.348763349000023],[-104.09330111799994,32.34895474800004],[-104.09342735799999,32.349050434000048],[-104.09356781199995,32.349086494000062],[-104.09375061799994,32.349051049000025],[-104.09390528599994,32.349027481000064],[-104.09408790299995,32.349063619000049],[-104.09432667899995,32.349123726000073],[-104.09490208299997,32.349446945000068],[-104.09591238299998,32.350081180000075],[-104.09763925799996,32.350812193000024],[-104.09943705099994,32.351304700000071],[-104.10033511399996,32.35187903700006],[-104.10060201199997,32.351939184000059],[-104.10162771199998,32.35207231000004],[-104.10286297299996,32.352587930000027],[-104.10397211599997,32.353198085000031],[-104.10486989799995,32.353903627000079],[-104.10558538599997,32.354441804000032],[-104.10595017699995,32.354704938000054],[-104.10625800099996,32.355266237000023],[-104.10669218399994,32.355887418000066],[-104.10702797999994,32.356508418000033],[-104.10720895599997,32.357212656000058],[-104.10730544899997,32.357976395000037],[-104.10762726099995,32.358573508000063],[-104.10818779899995,32.359266492000074],[-104.10905738299999,32.36004353900006],[-104.10933754099995,32.360437750000074],[-104.10964596399998,32.360772359000066],[-104.10994062599997,32.360987633000036],[-104.11024923299999,32.361119350000024],[-104.11051351099997,32.361178364000068],[-104.11097339899999,32.361169418000031],[-104.11149854699994,32.361115048000045],[-104.11203933899998,32.360930600000074],[-104.11219675899997,32.360807277000049],[-104.11237326899999,32.360713261000058],[-104.11261525199996,32.360644210000032],[-104.11431384899998,32.360420478000037],[-104.11588803299998,32.360401492000051],[-104.11660508999995,32.360331141000074],[-104.11690024899997,32.360343579000073],[-104.11758865399997,32.360499857000036],[-104.11825011399998,32.360702600000025],[-104.11912020599999,32.360764945000028],[-104.12027139599996,32.361387293000064],[-104.12152075199998,32.362117172000069],[-104.12307890999995,32.363050376000047],[-104.12407566699994,32.363612777000071],[-104.12545088699994,32.364653024000063],[-104.12654496399995,32.365704727000036],[-104.12721823199996,32.366362018000075],[-104.12803162799997,32.367222358000049],[-104.12860637799997,32.367939134000039],[-104.12913912599998,32.368584258000055],[-104.12950302299998,32.369300689000056],[-104.12993780599999,32.369754757000067],[-104.13058327799996,32.370292679000045],[-104.13160652799996,32.371642491000046],[-104.13187318599995,32.371845739000037],[-104.13240539899999,32.37275332300004],[-104.13277039399998,32.372992517000057],[-104.13333131799999,32.373637667000025],[-104.13410237099998,32.374629136000067],[-104.13457807199995,32.37567978900006],[-104.13560058499996,32.377423279000027],[-104.13590768299997,32.378437871000074],[-104.13673429399995,32.379775400000028],[-104.13743511299998,32.380778669000051],[-104.13815108399996,32.381280870000069],[-104.13889455699996,32.381867243000045],[-104.13935893199994,32.382560721000061],[-104.13945991299994,32.382791797000039],[-104.13954717399997,32.382968058000074],[-104.13980495499999,32.383211116000041],[-104.14028422999996,32.383411461000037],[-104.14064383099998,32.383494204000044],[-104.14114634499998,32.383612388000074],[-104.14127085099994,32.383628233000024],[-104.14142770899997,32.383612816000038],[-104.14164462099995,32.383554438000033],[-104.14183850399996,32.38348036800005],[-104.14205084299999,32.383402412000066],[-104.14213965899995,32.383386783000049],[-104.14233637699999,32.383446735000064],[-104.14254710299997,32.383530568000026],[-104.14282820699998,32.383578716000045],[-104.14312342199997,32.383603023000035],[-104.14312174699995,32.385744579000061],[-104.14304669499995,32.400079172000062],[-104.15168137799998,32.400020328000039],[-104.15171609099997,32.403754675000073],[-104.16023847899999,32.40376666800006],[-104.16025889699995,32.393064886000047],[-104.15169532799996,32.393052837000027],[-104.15170004699996,32.38577751400004],[-104.15560316999995,32.388700130000075],[-104.15789213999994,32.39024239500003],[-104.16014528299996,32.392178280000053],[-104.16233546899997,32.393994734000046],[-104.16390696399998,32.395834180000065],[-104.16559174999998,32.397280045000059],[-104.16748772399995,32.398618790000057],[-104.16922254099995,32.399676924000062],[-104.17051513299998,32.400334788000066],[-104.17262221199996,32.401661796000042],[-104.17287511299998,32.401793355000052],[-104.17312788099997,32.402002464000077],[-104.17331743799997,32.402169138000033],[-104.17353757399997,32.402341666000041],[-104.17357743899998,32.402365661000033],[-104.17359742799994,32.402392596000027],[-104.17360528899997,32.402420642000038],[-104.17361652299996,32.402530419000072],[-104.17366113199995,32.402653361000034],[-104.17367322099994,32.402749881000034],[-104.17360427999995,32.402993313000025],[-104.17347010199995,32.403321236000068],[-104.17438949199999,32.404324575000032],[-104.17555481699998,32.405441557000074],[-104.17639727199997,32.406230031000064],[-104.17680434899995,32.40667793700004],[-104.17722575899995,32.406970761000025],[-104.17749977899996,32.407102337000026],[-104.17832893599996,32.407461280000064],[-104.17936898999994,32.40786223200007],[-104.17987483899998,32.408131289000039],[-104.18076029099996,32.408478353000078],[-104.18098520799998,32.408544243000051],[-104.18118907699994,32.408580282000059],[-104.18131564299995,32.408586400000047],[-104.18146331699995,32.408586577000051],[-104.18156082199994,32.408583818000068],[-104.18171427499999,32.408557975000065],[-104.18181657699995,32.408540746000028],[-104.18197004499996,32.408506227000032],[-104.18196503599995,32.414527182000029],[-104.18194065399996,32.429125381000063],[-104.19473189699994,32.429124672000057],[-104.19479050799998,32.414588231000039],[-104.20330449299996,32.414596906000043],[-104.23315826099997,32.414439396000034],[-104.23311402799999,32.42153787500007],[-104.23746228999994,32.421572122000043],[-104.23743651899997,32.428732336000053],[-104.22888457199997,32.428926145000048],[-104.22890696399998,32.425284323000028],[-104.22053752099998,32.425277107000056],[-104.22060553699998,32.429104187000064],[-104.21197960299997,32.429114828000024]]],[[[-104.24637684299995,32.422067388000073],[-104.24638399099996,32.42206023500006],[-104.24637529099999,32.422066609000069],[-104.24637684299995,32.422067388000073]]],[[[-104.24637684299995,32.422067388000073],[-104.24637670899995,32.422067523000067],[-104.24638398099995,32.422070973000075],[-104.24637684299995,32.422067388000073]]],[[[-104.24637529099999,32.422066609000069],[-104.24637520399995,32.422066568000048],[-104.24637503999998,32.422066732000076],[-104.24637529099999,32.422066609000069]]],[[[-104.24559178899995,32.42285301000004],[-104.24559175399997,32.422852976000058],[-104.24558718399999,32.422857618000023],[-104.24559178899995,32.42285301000004]]],[[[-104.24558718399999,32.422857618000023],[-104.24557517699998,32.422869527000046],[-104.24554590099996,32.422898932000066],[-104.24558718399999,32.422857618000023]]]]},"properties":{"OBJECTID":3,"District":"Carlsbad Irrigation District","Shape_Length":1.5422515278298197,"Shape_Area":0.022240613906475377}},{"type":"Feature","id":4,"geometry":{"type":"MultiPolygon","coordinates":[[[[-106.57681531899999,31.81041768800003],[-106.57781520899994,31.811182715000029],[-106.57976719599998,31.812839413000063],[-106.58103378199996,31.813896759000045],[-106.58138874599996,31.814691352000068],[-106.58155604099994,31.815221233000045],[-106.58201368299996,31.815803449000043],[-106.58235035099995,31.816204453000068],[-106.58396825999995,31.818131795000056],[-106.58465989999996,31.818865532000075],[-106.58538385799994,31.819629847000044],[-106.58559686399997,31.820215873000052],[-106.58638166999998,31.821440065000047],[-106.58665181299995,31.821686854000063],[-106.58722724299997,31.821992713000043],[-106.58820753699996,31.822513641000057],[-106.59055233299995,31.82383322000004],[-106.59158904799995,31.824254746000065],[-106.59337194099999,31.82488636000005],[-106.59359987199997,31.824921053000025],[-106.59540121799995,31.824880869000026],[-106.60018298799997,31.824646757000039],[-106.60191333299997,31.824565181000025],[-106.59968437399999,31.82188504100003],[-106.59970790099999,31.814458752000064],[-106.58703077999996,31.814330840000025],[-106.57804580299995,31.801846973000067],[-106.57802629299994,31.796324260000063],[-106.55273161799994,31.796386916000074],[-106.54845430599994,31.796428456000058],[-106.54840289999999,31.799964092000039],[-106.54792252799996,31.800108084000044],[-106.54767196499995,31.80026932100003],[-106.54735880499999,31.800359312000069],[-106.54700322299999,31.800395881000043],[-106.54639753899994,31.800486552000052],[-106.54512327199996,31.800882376000061],[-106.54357767299996,31.801368073000049],[-106.54290925599997,31.801601739000034],[-106.54224150999994,31.802049659000033],[-106.54190182899998,31.802283081000041],[-106.54271735999998,31.80276264500003],[-106.54366084999998,31.803367163000075],[-106.54402804799997,31.803818456000045],[-106.54635291099999,31.806674962000045],[-106.54690558799996,31.807234920000042],[-106.54761737899997,31.807718559000079],[-106.54950095299995,31.807941715000027],[-106.54994519499996,31.808061973000065],[-106.55159868799996,31.808558573000028],[-106.55335878599999,31.809039778000056],[-106.55526082499995,31.809604036000053],[-106.55808760699995,31.810401078000041],[-106.56105536999996,31.810864042000048],[-106.56277937999994,31.811117630000069],[-106.56281617399998,31.811527070000068],[-106.56303216499998,31.812330390000056],[-106.56317463099998,31.812451429000077],[-106.56353700499994,31.812627339000073],[-106.56658695799996,31.813325103000068],[-106.56694123999995,31.813013574000024],[-106.57064235399997,31.810214062000057],[-106.57681531899999,31.81041768800003]]],[[[-106.83702868599994,32.417499858000042],[-106.84263275999996,32.41752542200004],[-106.89763271099997,32.481659009000055],[-106.92223105799997,32.481804225000076],[-106.92222237599998,32.49617449200008],[-106.93031017999999,32.495992731000058],[-106.93020029799999,32.481389816000046],[-106.85850432899997,32.376715017000038],[-106.85837818999994,32.358247534000043],[-106.85359267599995,32.358222079000029],[-106.85353519199998,32.319379256000047],[-106.85874080499997,32.319177728000057],[-106.85845482499997,32.307390248000047],[-106.85351370799998,32.307413282000027],[-106.85368803599994,32.285860640000067],[-106.85002534999995,32.285863838000068],[-106.84977068299997,32.278575462000049],[-106.84521299199997,32.27842110000006],[-106.84514636299997,32.268216063000068],[-106.84100444699999,32.268235511000057],[-106.84116399999999,32.260844649000035],[-106.83669762499994,32.261042000000032],[-106.83670663199996,32.256784327000048],[-106.83192336699994,32.256846565000046],[-106.83208208599996,32.24927384700004],[-106.82794101999997,32.249292857000057],[-106.82792096099996,32.246125745000029],[-106.82378265099999,32.24649654500007],[-106.82354760999999,32.242165403000058],[-106.81954536799998,32.242157218000045],[-106.81955013499999,32.238774546000059],[-106.81421193799997,32.238973560000034],[-106.80249144599998,32.229661485000065],[-106.80258060699998,32.22054573500003],[-106.79463969599999,32.220232121000038],[-106.79439121499996,32.213330836000068],[-106.79025215199994,32.213348075000056],[-106.79023366799998,32.210221556000079],[-106.78616551199997,32.210589958000071],[-106.78619126799998,32.201615246000074],[-106.78211317099999,32.201810033000072],[-106.78145829199997,32.196006270000055],[-106.77752487199996,32.195670793000033],[-106.77770841099999,32.191623054000047],[-106.77315614999998,32.191641966000077],[-106.77332368099997,32.18455160700006],[-106.76463247399994,32.18453254700006],[-106.76461426499998,32.181295532000036],[-106.76047623099998,32.181312299000069],[-106.76037184499995,32.166870653000046],[-106.75176543099997,32.166907053000045],[-106.75173500399995,32.152287245000025],[-106.74749891299996,32.152303797000059],[-106.74722852799994,32.13768678100007],[-106.74302905199994,32.137703208000062],[-106.74373117999994,32.126428836000059],[-106.73509266199994,32.126398659000074],[-106.73497051199996,32.118725308000023],[-106.73052329999996,32.119072564000078],[-106.73031486499997,32.115662440000051],[-106.73028794499999,32.115456201000029],[-106.72629525599996,32.11544697000005],[-106.72638168799995,32.104645629000061],[-106.72186069199995,32.104649323000046],[-106.72163313799996,32.097448365000048],[-106.71793685599994,32.097466455000074],[-106.71797974899994,32.090044048000038],[-106.71345516199995,32.090074168000058],[-106.71338457099995,32.086164128000064],[-106.70955552399994,32.086178075000078],[-106.70933090099999,32.079357100000038],[-106.70894830199995,32.079196040000056],[-106.70551545299998,32.079370874000062],[-106.70491180599998,32.073038411000027],[-106.70092306299995,32.072717981000039],[-106.70097158099998,32.065418455000042],[-106.69638598699999,32.065434688000039],[-106.69615806499996,32.057801525000059],[-106.69272520299995,32.057813561000046],[-106.69229193599995,32.047094861000062],[-106.68771377299998,32.046785942000042],[-106.68780280699997,32.025225909000028],[-106.68365593399994,32.025220055000034],[-106.68367555099996,32.014315016000069],[-106.67936113499997,32.014166643000067],[-106.67922491399997,31.984930159000044],[-106.67522232099998,31.984781183000052],[-106.67513691199997,31.966518099000041],[-106.67026622599997,31.966495315000031],[-106.67090080099996,31.956533021000041],[-106.66673073799996,31.95615280800007],[-106.66671461099997,31.952134484000055],[-106.66230658099994,31.95211691600008],[-106.66244966199997,31.941292352000062],[-106.66667166099995,31.941278571000055],[-106.66666898399995,31.930233768000051],[-106.66239961999997,31.930084907000037],[-106.66230382499998,31.908522575000063],[-106.65811432599997,31.908533436000027],[-106.65827314699999,31.90134805200006],[-106.66246190499999,31.901334527000074],[-106.66244596999996,31.897761168000045],[-106.65387683799997,31.897463784000024],[-106.65403756199998,31.890641173000063],[-106.65009034299999,31.890329529000041],[-106.65028426399999,31.876033340000049],[-106.64559811199996,31.876048952000076],[-106.64556619199999,31.868577203000029],[-106.65038351999999,31.868720369000073],[-106.65048279099994,31.861413576000075],[-106.63687627899998,31.86145689600005],[-106.63686271299997,31.858208319000028],[-106.63326986699997,31.85805210500007],[-106.63337180599996,31.850772100000029],[-106.62503257399999,31.850878058000035],[-106.62500468999997,31.843787431000067],[-106.62100762399996,31.843474244000049],[-106.62099137299998,31.839413482000055],[-106.61128764799997,31.839603861000057],[-106.61144765599994,31.831806596000035],[-106.60828399399998,31.832133406000025],[-106.60821438799996,31.832140645000038],[-106.60486984299996,31.828119781000055],[-106.60410839599996,31.83119503000006],[-106.60358118799996,31.832587014000069],[-106.60339555999997,31.833202636000067],[-106.60328669999996,31.833788922000053],[-106.60310717099998,31.836218832000043],[-106.60300401299997,31.837035594000042],[-106.60253460899997,31.837762738000038],[-106.60207713799997,31.838560292000068],[-106.60154850599997,31.83938329800003],[-106.60150255699995,31.839685909000025],[-106.60153356699999,31.841601070000024],[-106.60170866999994,31.844251726000039],[-106.60296308299996,31.844893338000077],[-106.60428803999997,31.845555017000038],[-106.60484300199994,31.845718500000032],[-106.60530486599998,31.845854580000037],[-106.60528151799997,31.845854644000042],[-106.60656386199997,31.846105260000058],[-106.60808514799999,31.846410515000059],[-106.60886255999998,31.846526276000077],[-106.61309314199997,31.846307919000026],[-106.61418076199999,31.846275344000048],[-106.61525460999997,31.847038827000063],[-106.61601733999998,31.847714796000048],[-106.61743867599995,31.848993226000061],[-106.61861751099997,31.850124923000067],[-106.61960547199999,31.851036036000039],[-106.62511834499998,31.85605429800006],[-106.62577096999996,31.857341942000062],[-106.62616303999994,31.858115074000068],[-106.62738903399998,31.860292052000034],[-106.62781470899995,31.860907351000037],[-106.62820675299997,31.861468884000033],[-106.62925065799999,31.862125121000076],[-106.62984788899996,31.862447901000053],[-106.63083252199999,31.862980336000078],[-106.63217931999998,31.863750241000048],[-106.63406576399996,31.865120464000029],[-106.63544735299996,31.866205513000068],[-106.63578464099999,31.866462472000023],[-106.63588074299997,31.867686715000048],[-106.63603252999997,31.869614891000026],[-106.63477422499994,31.873889710000071],[-106.63246891799997,31.876935146000051],[-106.63143279299999,31.878213819000052],[-106.63016598999997,31.880596835000063],[-106.62983294899999,31.881285781000031],[-106.62940481099997,31.883436906000043],[-106.63075991599999,31.886156049000078],[-106.63241205799994,31.887541336000027],[-106.63339389699996,31.888303131000043],[-106.63561380199997,31.890025483000045],[-106.63736551699998,31.891109382000025],[-106.63898142399995,31.891878390000045],[-106.64079753099998,31.892360174000032],[-106.64210946699995,31.892671416000042],[-106.64294935799995,31.892697515000066],[-106.64584923399997,31.895124946000067],[-106.64585175899998,31.895715210000049],[-106.64585266699999,31.895927571000072],[-106.64582101599996,31.896343290000061],[-106.64572936699994,31.898552606000067],[-106.64418683699995,31.901148459000069],[-106.64338917899994,31.902357074000065],[-106.64133778099995,31.904388507000078],[-106.64088612699999,31.904844091000029],[-106.64059056999997,31.905157703000043],[-106.63797947499995,31.906893044000071],[-106.63613462799998,31.908179201000053],[-106.63463735099998,31.909166524000057],[-106.63368019599994,31.909846971000036],[-106.63038412799995,31.910735456000054],[-106.62823945399998,31.91135240400007],[-106.62663672899998,31.91210163900007],[-106.62602675399995,31.912386425000079],[-106.62442368099994,31.913157970000043],[-106.62379709099997,31.913621482000053],[-106.62163947099998,31.915355067000064],[-106.61989944999999,31.916759923000029],[-106.61915099199996,31.917387506000068],[-106.61880331999998,31.917693744000076],[-106.61565916899997,31.917271060000076],[-106.61277321399996,31.920421229000056],[-106.61415534599996,31.921087353000075],[-106.61480235799996,31.921383338000055],[-106.61595569399998,31.921648053000069],[-106.61847207099999,31.922221514000057],[-106.61857389299996,31.922294326000042],[-106.61940867199996,31.922890676000065],[-106.62119514299997,31.924192723000033],[-106.62219150699997,31.924684462000073],[-106.62440355799998,31.925396320000061],[-106.62862199599999,31.923605535000036],[-106.62968358999996,31.926629055000035],[-106.62920204199997,31.927007369000023],[-106.62691644899996,31.928633438000077],[-106.62659028699994,31.928882850000036],[-106.62540211299995,31.929792087000067],[-106.62490738299999,31.930405981000035],[-106.62342341399994,31.93221225800005],[-106.62312149899998,31.932684175000077],[-106.62194933399996,31.935788263000063],[-106.62220943099999,31.940434566000079],[-106.62280823399999,31.942424395000046],[-106.62351791799995,31.945318154000063],[-106.62097074899998,31.946172664000073],[-106.61882608099995,31.946911441000054],[-106.61531730099995,31.949004745000025],[-106.61499850999996,31.949921345000064],[-106.61433548099996,31.951949195000054],[-106.61469951699996,31.955748162000077],[-106.61470141599995,31.95622889200007],[-106.61789950799994,31.955796746000033],[-106.61816336199996,31.955761104000032],[-106.61942299999998,31.955185133000043],[-106.62287711399995,31.952794296000036],[-106.62463011799997,31.953937369000073],[-106.62521890699998,31.954321095000068],[-106.62595739799997,31.957615418000046],[-106.62460134999998,31.960950123000032],[-106.62165496799997,31.962767294000059],[-106.61988791999994,31.96398571800006],[-106.61903015399997,31.965496739000059],[-106.61883171799997,31.966072719000067],[-106.61829121499994,31.967800586000067],[-106.61914496199995,31.971421827000029],[-106.61936671599994,31.972136614000078],[-106.62088503299998,31.973080856000024],[-106.62178150199998,31.973661454000023],[-106.62314944299999,31.973595244000023],[-106.62646233399994,31.971719137000036],[-106.62719559599998,31.971815753000044],[-106.62769895899999,31.971882123000057],[-106.62969345999994,31.972144975000049],[-106.63025938199996,31.972228844000028],[-106.63318862399996,31.974599565000062],[-106.63397582499999,31.975250334000066],[-106.63562211999994,31.976287391000028],[-106.63756124999998,31.977447925000035],[-106.63840277699995,31.97796629100003],[-106.63969444699995,31.981399454000041],[-106.63902447799995,31.982661243000052],[-106.63676144999994,31.986875001000044],[-106.63532410499994,31.987936968000042],[-106.63135842799994,31.990880506000053],[-106.62678078799996,31.991547413000035],[-106.62329704999996,31.992032086000052],[-106.61927918199996,31.995776306000039],[-106.61910088499997,31.99686551700006],[-106.61899688999995,31.997680557000024],[-106.61860552299999,32.00074726400004],[-106.61776919099998,32.000746339000045],[-106.61086722299996,32.000738411000043],[-106.60713726499995,32.000753088000067],[-106.60703029699994,32.02101112500003],[-106.61120757699996,32.02099929700006],[-106.61152163099996,32.039445775000047],[-106.61532281399997,32.039499481000064],[-106.61537622699996,32.046446617000072],[-106.62006581599996,32.046432930000037],[-106.62025612199994,32.053818289000048],[-106.62395085699995,32.053742499000066],[-106.62404243499998,32.075849665000078],[-106.62870502699997,32.075972749000073],[-106.62873536899997,32.082744400000024],[-106.63243675399997,32.082631398000046],[-106.63241747499995,32.089922744000035],[-106.63648001499996,32.089910587000077],[-106.63639502099994,32.107978468000056],[-106.64137984599995,32.107826229000068],[-106.64094407799996,32.118777599000055],[-106.64977140199994,32.118747718000066],[-106.64980678799998,32.133530319000045],[-106.65355385699996,32.13352057700007],[-106.65342612299997,32.141107114000079],[-106.65857409999995,32.14110005200007],[-106.65828343699997,32.148014050000029],[-106.66214580699994,32.148275307000063],[-106.66216181999994,32.151834008000037],[-106.66681336499994,32.151954932000024],[-106.66680562699997,32.162767786000074],[-106.67170432599994,32.162752499000078],[-106.67156309199999,32.166996023000024],[-106.67526488099998,32.167120479000062],[-106.67498804199994,32.176839450000045],[-106.68786461999997,32.177206155000079],[-106.68773995299995,32.184589489000075],[-106.69626947799998,32.184506422000027],[-106.69611722099995,32.202909446000035],[-106.70087739399997,32.202888955000049],[-106.70069340699996,32.21368549500005],[-106.70921054499996,32.21365725000004],[-106.70926017499994,32.223530161000042],[-106.71775403999999,32.223910318000037],[-106.71773847799994,32.232394912000075],[-106.72999564499997,32.232076129000063],[-106.73017237299996,32.23508660400006],[-106.73470531599997,32.235205285000063],[-106.73468222099996,32.242429181000034],[-106.73858535099998,32.242421451000041],[-106.73896930699999,32.253941117000068],[-106.74331881699999,32.254061137000065],[-106.74335730799999,32.261178250000057],[-106.74770567199994,32.261024349000024],[-106.74772434699997,32.264446019000047],[-106.75155840599996,32.264429823000057],[-106.75155031099996,32.268398963000038],[-106.75572020899995,32.26838353900007],[-106.75584021599997,32.290008613000055],[-106.76035092099994,32.289853621000077],[-106.76006531399997,32.296424539000043],[-106.76870896999998,32.296663778000038],[-106.76868020099994,32.304327004000072],[-106.77703093899999,32.304293360000031],[-106.77724028199998,32.32646533500008],[-106.78175514599997,32.326720158000057],[-106.78131153699997,32.333565509000039],[-106.78581179699995,32.333684263000066],[-106.78576041599996,32.351476449000074],[-106.79399198699997,32.351304377000076],[-106.79440151199998,32.365810712000041],[-106.79811027199997,32.36579464600004],[-106.79863943499998,32.37323759700007],[-106.80256091099994,32.373196764000056],[-106.80256479999997,32.380555743000059],[-106.81142285299995,32.380107208000027],[-106.81115058199998,32.387874828000065],[-106.81582500199994,32.38782197900008],[-106.81586804799997,32.394595349000042],[-106.81982793399999,32.394851015000029],[-106.81984519799994,32.402113089000068],[-106.82382122099995,32.402049007000073],[-106.82400788299998,32.406329146000076],[-106.82868755699997,32.406444583000052],[-106.82886797599997,32.409454885000059],[-106.83306467699998,32.409709213000042],[-106.83292810899997,32.413542174000042],[-106.83702198699996,32.413525058000062],[-106.83702868599994,32.417499858000042]]],[[[-107.29922893499997,32.872266815000046],[-107.29922634699994,32.872876650000023],[-107.31607411999994,32.872731952000038],[-107.31612721599998,32.86587496900006],[-107.32109357699994,32.865899365000075],[-107.32078365899997,32.856505567000056],[-107.31619916299996,32.856544206000024],[-107.31639973099999,32.83067172300008],[-107.32117322599998,32.831301587000041],[-107.32040181899998,32.81645476500006],[-107.31650980899997,32.816491762000055],[-107.31643210099998,32.795065105000049],[-107.30788630999996,32.794785438000076],[-107.30770283299995,32.787189647000048],[-107.30766728299994,32.784185846000071],[-107.26476033099999,32.721846888000073],[-107.26480446499994,32.707153882000057],[-107.25829485399998,32.707154511000056],[-107.24340399899995,32.699428477000026],[-107.24303218499995,32.692565194000053],[-107.23869013699999,32.692575787000067],[-107.23801743899998,32.685284870000032],[-107.23047827399995,32.68517360900006],[-107.23051168299997,32.681836421000071],[-107.22159862299998,32.681741195000029],[-107.22175649899998,32.677937845000031],[-107.21761072299995,32.677927284000077],[-107.21792782299997,32.670754332000058],[-107.20075682299995,32.670385028000055],[-107.20052231399995,32.666881851000028],[-107.19631493099996,32.666913135000073],[-107.19631968499999,32.663510526000039],[-107.16625329799996,32.663539872000058],[-107.16621718299996,32.659960436000063],[-107.15338858399997,32.659552676000033],[-107.15315260699998,32.655715784000051],[-107.14475708899994,32.655942893000031],[-107.14473318199998,32.652605056000027],[-107.13654987899997,32.652662952000071],[-107.13631904499999,32.649107369000035],[-107.12349275199995,32.648976531000073],[-107.12345849699994,32.645411132000049],[-107.10629719099995,32.645529368000041],[-107.10613323399997,32.649035318000074],[-107.08906562899995,32.649134761000028],[-107.08903555099994,32.645479121000051],[-107.07187560499995,32.645759450000071],[-107.07164010199995,32.641588400000046],[-107.06710019599996,32.641284244000076],[-107.06723275199994,32.634470377000071],[-107.06309093799996,32.634457584000074],[-107.06306176499999,32.630962537000073],[-107.04238451999998,32.630917784000076],[-107.04249937199995,32.627088025000035],[-107.03797822499996,32.627116820000026],[-107.03775061599998,32.623613380000052],[-107.03360736399998,32.623472323000044],[-107.03414161299997,32.620207199000049],[-107.02546917799998,32.619810786000073],[-107.02456544099999,32.605332661000034],[-107.02063018099994,32.605299829000046],[-107.02056842899998,32.597849960000076],[-107.01830127099998,32.597863845000063],[-107.01253821599994,32.592558126000029],[-107.01246190799998,32.58354569800008],[-107.00747443099999,32.583408880000036],[-107.00744037899995,32.579069787000037],[-107.00375061099999,32.579091801000061],[-107.00363754199998,32.565573270000073],[-107.00739571899999,32.565549822000037],[-107.00736742499998,32.553875300000072],[-106.99782524199998,32.553924692000066],[-106.99787896299995,32.572283871000025],[-106.99077463999998,32.57232354100006],[-106.99073777399997,32.597694051000076],[-106.99444074499996,32.597506727000052],[-106.99450114899997,32.605104379000068],[-106.99686727999995,32.605107856000075],[-107.06022045499998,32.669702062000056],[-107.06834554999995,32.669982435000065],[-107.06834951499997,32.670150076000027],[-107.10191613199999,32.66945632200003],[-107.10189731999998,32.670427569000026],[-107.10525198999994,32.670404749000056],[-107.10529174199996,32.674576865000063],[-107.11436992199998,32.674681632000045],[-107.11433456599997,32.671010083000056],[-107.12331245999997,32.67094792000006],[-107.18059117199999,32.685234242000035],[-107.18182587899997,32.692395770000076],[-107.19161437899999,32.692337274000067],[-107.19189183899999,32.699992707000035],[-107.20067497299999,32.69992644000007],[-107.20071744499995,32.70393180800005],[-107.20525907999996,32.704064100000039],[-107.20529551599998,32.707674057000077],[-107.21674260999998,32.707745752000051],[-107.21682964399997,32.71532439300006],[-107.22097325499999,32.715125572000034],[-107.22081051399999,32.718297803000041],[-107.23015046999996,32.718223077000061],[-107.23007942799995,32.725400945000047],[-107.23825816399994,32.725004339000066],[-107.23789625499995,32.728011176000052],[-107.24717480699996,32.728101768000045],[-107.24710666499999,32.735963811000033],[-107.25059121799995,32.735930718000077],[-107.25129220499997,32.742925630000059],[-107.25583396999997,32.742889264000041],[-107.25565388599995,32.753238052000029],[-107.25980477999997,32.753538617000061],[-107.26036013599997,32.767720107000059],[-107.26481774299998,32.767682533000027],[-107.26521159499998,32.78016583200008],[-107.26958473399998,32.780192324000041],[-107.26954913699996,32.794005911000056],[-107.27350444999996,32.794072766000056],[-107.27374222299994,32.797819261000029],[-107.29478687499994,32.797812419000024],[-107.29472674399995,32.808633892000046],[-107.29958812799998,32.808788891000063],[-107.29928236199999,32.823029104000057],[-107.29427887199995,32.822862233000023],[-107.29496222099999,32.829687360000037],[-107.29140637099994,32.829883967000058],[-107.29064402199998,32.865958667000029],[-107.29925647999994,32.86579155700008],[-107.29922893499997,32.872266815000046]]]]},"properties":{"OBJECTID":4,"District":"Elephant Butte Irrigation District","Shape_Length":3.4673841665577938,"Shape_Area":0.052542573667291877}},{"type":"Feature","id":5,"geometry":{"type":"MultiPolygon","coordinates":[[[[-108.02304413899998,36.819565299000033],[-108.02756787899995,36.819556072000069],[-108.02758451299997,36.817688489000034],[-108.02301756199995,36.817743548000067],[-108.02304413899998,36.819565299000033]]],[[[-108.02304413899998,36.819565299000033],[-108.01857620099997,36.819562285000075],[-108.01851643999998,36.821433508000041],[-108.01830197999999,36.821407726000075],[-108.01811336999998,36.821324446000062],[-108.01800929499996,36.821272376000024],[-108.01789232599998,36.821262111000067],[-108.01752863899998,36.82132013100005],[-108.01718439299998,36.821357226000032],[-108.01691154899999,36.821368094000036],[-108.01663866799998,36.821363292000058],[-108.01642426999996,36.821363622000035],[-108.01621648299994,36.821410952000065],[-108.01583836999998,36.821582627000055],[-108.01567772499999,36.821615486000042],[-108.01531405999998,36.821683947000054],[-108.01504461499997,36.821833215000026],[-108.01485261899995,36.822017972000026],[-108.01462722999997,36.822208755000077],[-108.01434160099996,36.822412501000031],[-108.01411969699996,36.822639357000071],[-108.01389768099995,36.822818522000034],[-108.01365336399999,36.822973877000038],[-108.01345932299995,36.823128395000026],[-108.01319353299999,36.823379514000067],[-108.01305404999994,36.823517233000075],[-108.01284972599996,36.823609858000054],[-108.01243393899995,36.82362093200004],[-108.01221957199999,36.823636925000073],[-108.01192707099995,36.823579908000056],[-108.01171273999995,36.823611570000025],[-108.01145290599999,36.823632853000049],[-108.01108257199996,36.823633408000035],[-108.01068619199998,36.823607881000044],[-108.01038062399999,36.823519542000042],[-108.01019209099996,36.823467590000064],[-108.00993212299994,36.823431414000027],[-108.00959414499994,36.823374458000046],[-108.00918481899998,36.823369841000044],[-108.00877563699999,36.823427902000049],[-108.00833400399995,36.82350167900006],[-108.00804168399998,36.823523001000069],[-108.00779467699999,36.823471131000076],[-108.00746967099997,36.823403705000032],[-108.00730719599994,36.823383049000029],[-108.00713178799998,36.823388529000056],[-108.00686547999999,36.823420258000056],[-108.00664467399997,36.823462367000047],[-108.00647609199996,36.823614086000077],[-108.00629450399998,36.823760603000039],[-108.00607375499999,36.823828826000067],[-108.00572318199994,36.823949470000059],[-108.00542459699994,36.824075261000075],[-108.00520394099999,36.824185270000044],[-108.00502891599996,36.82436311400005],[-108.00480845599998,36.82456191600005],[-108.00454264199999,36.824818239000024],[-108.00434814499994,36.825006558000041],[-108.00418703799994,36.825252613000032],[-108.00376521799996,36.82582744900003],[-108.00354917899995,36.826086028000077],[-108.00327915999998,36.826387036000028],[-108.00303917399998,36.826575417000072],[-108.00285743299997,36.826659248000055],[-108.00264345799997,36.826858037000079],[-108.00244257099996,36.827098594000063],[-108.00224002799996,36.827249521000056],[-108.00205986899999,36.82739164000003],[-108.00189126899994,36.827543355000046],[-108.00167719699999,36.827700357000026],[-108.00144856099996,36.827829530000031],[-108.00113326399998,36.828007666000076],[-108.00088544599998,36.828129784000055],[-108.00060636299997,36.828271205000078],[-108.00012600499997,36.828480811000077],[-107.99985051199997,36.828575124000054],[-107.99964554099995,36.828643405000037],[-107.99942885299998,36.828719339000031],[-107.99923735899995,36.828784723000069],[-107.99900286399998,36.828910689000054],[-107.99876280399997,36.829072945000064],[-107.99858114199998,36.829198556000051],[-107.99843849999996,36.82933978300008],[-107.99836721799994,36.829428677000067],[-107.99823093699996,36.829507216000025],[-107.99799728099998,36.829627674000051],[-107.99782203799998,36.829716713000039],[-107.99764707699995,36.829831355000067],[-107.99742742899997,36.830000276000078],[-107.99723816899996,36.830145827000024],[-107.99677113899997,36.830522547000044],[-107.99664425599997,36.830650932000026],[-107.99652480499998,36.830794494000031],[-107.99637610099995,36.831144658000028],[-107.99629245099999,36.831531294000058],[-107.99625435199994,36.831949209000072],[-107.99618187199997,36.832214735000036],[-107.99610817199999,36.832429429000058],[-107.99595268699994,36.832542900000078],[-107.99576743799997,36.832608724000067],[-107.99548578499997,36.832674680000025],[-107.99509297599997,36.832776551000052],[-107.99477428399996,36.832860436000033],[-107.99446309299998,36.832986039000048],[-107.99427058699996,36.833129362000079],[-107.99408559699998,36.833320363000041],[-107.99393028099996,36.833517285000028],[-107.99383418899998,36.833666439000069],[-107.99377528699995,36.83386919000003],[-107.99381594199997,36.834042712000041],[-107.99390737399995,36.834449125000049],[-107.99396668699995,36.83484601300006],[-107.99398215199994,36.835184409000078],[-107.99392245499996,36.835446750000074],[-107.99375950499996,36.836035715000037],[-107.99366476599994,36.836517867000055],[-107.99354199799996,36.836852320000048],[-107.99339330199996,36.837218150000069],[-107.99309599299994,36.837991593000027],[-107.99291480999995,36.838362689000064],[-107.99273420199995,36.839010616000053],[-107.99262417199998,36.83922491800007],[-107.99244899799999,36.839360957000054],[-107.99196508699998,36.839792790000047],[-107.99168958799999,36.840142907000029],[-107.99144410999997,36.840511415000037],[-107.99105043499998,36.841094772000076],[-107.99073180199997,36.841745051000032],[-107.99041377399999,36.842191435000075],[-107.99013572199999,36.842623347000028],[-107.98976667899996,36.843302858000072],[-107.98949541999997,36.84413371200003],[-107.98926899299994,36.844640666000032],[-107.98908943199996,36.845037429000058],[-107.98881726099995,36.845797508000032],[-107.98863178199997,36.846340363000024],[-107.98848698899997,36.846798896000053],[-107.98844243499997,36.847263824000038],[-107.98822908199998,36.847817768000027],[-107.98794442499997,36.848465823000026],[-107.98785379399999,36.848643530000061],[-107.98783501699995,36.848872286000073],[-107.98776446499994,36.849468921000039],[-107.98771974699997,36.849855500000047],[-107.98757872699997,36.850103087000036],[-107.98742373499999,36.850305959000025],[-107.98718878399995,36.850663492000024],[-107.98681898699999,36.851178150000067],[-107.98659926199997,36.85139833900007],[-107.98636493499998,36.851633159000073],[-107.98607663799999,36.851861279000047],[-107.98568349799996,36.852140690000056],[-107.98547568099997,36.852224529000068],[-107.98504694999997,36.852345211000056],[-107.98478718599995,36.852455231000079],[-107.98413349499998,36.85273581000007],[-107.98358589099996,36.853026090000071],[-107.98302752999996,36.853334966000034],[-107.98266769899999,36.853495171000077],[-107.98243059099997,36.853626609000059],[-107.98226465299996,36.853817203000062],[-107.98215740999996,36.853962664000051],[-107.98195683599994,36.854234709000025],[-107.98158729299996,36.854720933000067],[-107.98106793099998,36.85504019800004],[-107.98052873299997,36.85518711800006],[-107.98014904999997,36.855232941000054],[-107.97977816399998,36.855233398000053],[-107.97939981699994,36.855210020000072],[-107.97891014499999,36.855156972000032],[-107.97833824799994,36.855153248000079],[-107.97760401399995,36.855279499000062],[-107.97711918899995,36.855492351000066],[-107.97659107399994,36.855829165000046],[-107.97628731299994,36.85617338000003],[-107.97604000799998,36.856592423000052],[-107.97596255399998,36.856885018000071],[-107.97595279099994,36.857152229000064],[-107.97604848899999,36.857657956000025],[-107.97610096599999,36.857913832000065],[-107.97613421499995,36.858315982000079],[-107.97610814099994,36.858634947000041],[-107.97607498899998,36.859040505000053],[-107.97582516099999,36.859904221000079],[-107.97542381399995,36.860803101000045],[-107.97528667899996,36.861223621000079],[-107.97517822499998,36.861571211000069],[-107.97497666199996,36.862064481000061],[-107.97473988999997,36.862398577000079],[-107.97447171199997,36.862668934000055],[-107.97418439399996,36.862882071000058],[-107.97394581099996,36.863014290000024],[-107.97322467599997,36.863239741000029],[-107.97237328999995,36.863334759000054],[-107.97160625599997,36.863346101000047],[-107.97102503099995,36.863386490000039],[-107.97045411499994,36.863560017000054],[-107.97007627099998,36.863840616000061],[-107.96975042599996,36.864162881000027],[-107.96952857599996,36.864562518000071],[-107.96949948399998,36.864890401000025],[-107.96955550099995,36.865254953000033],[-107.96970637099997,36.86601737400008],[-107.96985649799996,36.866361935000043],[-107.96987679099999,36.866805886000066],[-107.96969551299998,36.867223955000043],[-107.96948144199996,36.867480139000065],[-107.96906440099997,36.867994876000068],[-107.96874840199996,36.868358482000076],[-107.96827448999994,36.868729871000028],[-107.96768350199994,36.869070051000051],[-107.96702751899994,36.869420747000049],[-107.96650336799996,36.869690166000055],[-107.96685948299995,36.869690603000038],[-107.96960251199994,36.869693932000075],[-107.97412028299999,36.869782299000065],[-107.97412009499999,36.866161821000048],[-107.97864398499996,36.866218509000078],[-107.97864991599994,36.862566533000063],[-107.98314554799998,36.862694500000032],[-107.98303897599999,36.859081944000025],[-107.98752524799994,36.859166710000068],[-107.98740931699996,36.855510775000027],[-107.99176832499995,36.855509323000035],[-107.99170423599998,36.851865448000069],[-107.99164014599995,36.848221210000077],[-107.99610301899997,36.848243339000078],[-107.99612479399997,36.844717721000052],[-107.99614638799994,36.841187424000054],[-108.00059684199999,36.841270931000054],[-108.00504750499999,36.841354225000032],[-108.00509159899997,36.837741127000072],[-108.00948267899997,36.837704363000057],[-108.01387393799996,36.837667600000032],[-108.01387554999997,36.834084382000071],[-108.01838633299997,36.834105215000079],[-108.02289729599994,36.834125868000058],[-108.02293400699995,36.830485771000042],[-108.02740464799996,36.830450986000073],[-108.03187546799995,36.830416021000076],[-108.03630776799997,36.830381235000061],[-108.03635959499996,36.826758417000065],[-108.04105812199998,36.826727410000046],[-108.04534947399998,36.826744104000056],[-108.04964064899997,36.826760620000073],[-108.04953014099999,36.830307300000072],[-108.05400834099999,36.830359274000045],[-108.05848654199997,36.830411067000057],[-108.05856734599996,36.826794549000056],[-108.05864832999998,36.823178028000029],[-108.05872913299999,36.819561329000067],[-108.06316682899995,36.819527264000044],[-108.06760434499995,36.81949301700007],[-108.06766480499999,36.815927437000028],[-108.07215938299998,36.815952229000061],[-108.07222290299995,36.81237242900005],[-108.07672035899998,36.812382641000056],[-108.08117497399996,36.81250715300007],[-108.08119587899995,36.816107834000036],[-108.08573797899999,36.816238465000026],[-108.09027413799998,36.816369456000075],[-108.09007214499997,36.812755458000026],[-108.09451451999996,36.812879070000065],[-108.09421802099996,36.809252652000055],[-108.09392170299998,36.805626235000034],[-108.08966689699997,36.805500282000025],[-108.08541208999998,36.805374328000028],[-108.08113766299999,36.805289774000073],[-108.08046643899996,36.805274988000065],[-108.07927632099995,36.805818715000044],[-108.07830496899999,36.806272475000071],[-108.07739653599998,36.806696830000078],[-108.07723319799999,36.806782679000037],[-108.07715009099996,36.806835463000027],[-108.07707296099994,36.806897802000037],[-108.07698376899998,36.806907550000062],[-108.07688858199998,36.806902962000038],[-108.07675185099998,36.806927157000075],[-108.07653752199997,36.806965112000057],[-108.07638419399996,36.807007077000037],[-108.07621129199998,36.807157850000067],[-108.07599144999995,36.807234828000048],[-108.07565763899999,36.807311510000034],[-108.07526153399999,36.807354104000069],[-108.07483215199994,36.807428510000079],[-108.07447549899996,36.807505762000062],[-108.07418428999995,36.807587665000028],[-108.07396443099998,36.807659856000043],[-108.07376830399994,36.807712866000031],[-108.07358411899997,36.80778020200006],[-108.07351305199995,36.80788079000007],[-108.07356690099999,36.807981125000026],[-108.07366834899995,36.808086148000029],[-108.07369241199996,36.808172194000065],[-108.07361526399995,36.808229748000031],[-108.07347825899996,36.808167845000071],[-108.07330546099996,36.80807253100005],[-108.07315064199997,36.808020230000068],[-108.07293650399998,36.808020661000057],[-108.07259766199996,36.808088307000048],[-108.07230646399995,36.808174987000029],[-108.07206885999994,36.808280692000039],[-108.07196830399994,36.808462650000024],[-108.07195677799996,36.808582251000075],[-108.07197499299997,36.808701790000043],[-108.07194017699999,36.80878677000004],[-108.07183012099995,36.808907126000065],[-108.07180941899998,36.809017805000053],[-108.07181003699998,36.809132589000058],[-108.07179224199996,36.809233077000044],[-108.07175073699995,36.809276208000028],[-108.07166155599998,36.809290736000037],[-108.07158415299995,36.80926697600006],[-108.07151257999999,36.80920493900004],[-108.07146489999997,36.809075820000032],[-108.07141448799996,36.808939300000077],[-108.07135534699995,36.808720039000036],[-108.07121205099997,36.808594967000033],[-108.07096420799996,36.808507583000051],[-108.07078966599994,36.808543579000059],[-108.07064293599996,36.808605191000026],[-108.07019904799995,36.808706678000078],[-108.06960820599994,36.808796648000055],[-108.06901086499994,36.808886629000028],[-108.06861482899996,36.808955317000027],[-108.06845280099998,36.809075773000075],[-108.06846700899996,36.809206217000053],[-108.06857444399998,36.809325581000053],[-108.06875900499995,36.809377829000027],[-108.06880600799997,36.809428347000051],[-108.06884448299996,36.809469698000044],[-108.06881897299996,36.809535552000057],[-108.06875964899996,36.809588283000039],[-108.06864553399998,36.809619121000026],[-108.06855759399997,36.809650863000059],[-108.06854597499995,36.80974176400008],[-108.06849315599999,36.809976238000047],[-108.06825023599998,36.810292401000027],[-108.06810202099996,36.810455317000049],[-108.06798392899998,36.810742535000031],[-108.06781541899994,36.810946967000064],[-108.06765351099995,36.811109208000062],[-108.06750459799997,36.811271423000051],[-108.06727738099994,36.811318880000044],[-108.06710884899996,36.811439347000032],[-108.06692679899999,36.81148922400007],[-108.06680587899996,36.811381721000032],[-108.06688716099995,36.811168172000066],[-108.06707481399997,36.810927532000051],[-108.06721049699996,36.810701010000059],[-108.06731678199998,36.81044251600008],[-108.06744284199999,36.810190325000065],[-108.06753562299997,36.810030742000038],[-108.06763210499997,36.809893275000036],[-108.06770121599999,36.809714733000078],[-108.06767097799997,36.809552168000039],[-108.06753967699996,36.809408936000068],[-108.06745615099999,36.809327787000029],[-108.06736080199994,36.809270578000053],[-108.06715249499996,36.809232724000026],[-108.06699769199997,36.809185197000033],[-108.06685472799995,36.80911851500008],[-108.06661679399997,36.80911898200003],[-108.06637030799999,36.809141570000065],[-108.06593926799997,36.809195628000055],[-108.06571290499994,36.809206847000041],[-108.06552262999998,36.809231133000026],[-108.06524320099999,36.809279510000067],[-108.06506918999997,36.809317462000024],[-108.06484344699999,36.809349259000044],[-108.06440695999999,36.80943366300005],[-108.06419699299994,36.809515915000077],[-108.06405656099997,36.809559702000058],[-108.06389379799998,36.809573900000032],[-108.06371246799995,36.809623048000049],[-108.06340769399998,36.809801230000062],[-108.06319889499997,36.809929192000027],[-108.06307434999997,36.810053792000076],[-108.06303986899997,36.810176183000067],[-108.06307506399997,36.810292945000072],[-108.06303033599994,36.810409934000063],[-108.06288539899998,36.810522897000055],[-108.06270724499996,36.810623687000032],[-108.06255292699996,36.810738776000051],[-108.06235109199997,36.810877876000063],[-108.06212559099998,36.811060065000049],[-108.06194370999998,36.811177777000069],[-108.06176332799998,36.811261651000052],[-108.06155524399998,36.81130031500004],[-108.06139463299996,36.811300624000069],[-108.06131148399999,36.811343830000055],[-108.06120469199999,36.811439695000047],[-108.06107423599997,36.811578655000062],[-108.06099685599997,36.811707145000071],[-108.06088513299994,36.811985771000025],[-108.06076418499998,36.812197934000039],[-108.06062837399998,36.812313751000033],[-108.06038800299996,36.812308987000051],[-108.06017809599996,36.812265826000043],[-108.05996303399996,36.81224239200003],[-108.05977030099996,36.812248720000071],[-108.05944412099996,36.81225530100005],[-108.05916669099997,36.812295642000038],[-108.05895268699999,36.812421408000034],[-108.05866114399998,36.812688347000062],[-108.05842792699997,36.812908167000046],[-108.05822046199995,36.813049589000059],[-108.05781167899994,36.813212283000041],[-108.05723414199997,36.813427526000055],[-108.05672790999995,36.813590399000077],[-108.05624583199995,36.813763504000065],[-108.05569766699995,36.813919514000077],[-108.05515672599995,36.814009940000062],[-108.05472034899998,36.814154999000039],[-108.05459381599997,36.814195779000045],[-108.05445314399998,36.814261611000063],[-108.05431998699999,36.814363194000066],[-108.05426849099996,36.814514292000069],[-108.05421068499999,36.814744224000037],[-108.05421138999998,36.81498971700006],[-108.05412086199999,36.815136137000025],[-108.05383544299997,36.815282918000037],[-108.05347037899998,36.815401979000058],[-108.05329268599996,36.815485762000037],[-108.05314094599998,36.81549835800007],[-108.05300444899996,36.815472493000073],[-108.05277652399997,36.815279654000051],[-108.05224263399998,36.814862775000051],[-108.05191068199997,36.814638785000056],[-108.05170250499998,36.814534701000071],[-108.05147491199995,36.814456770000049],[-108.05120843199995,36.814410249000048],[-108.05100053599995,36.814405407000038],[-108.05060433899996,36.81443224700007],[-108.05040307099995,36.814474401000041],[-108.05020195299994,36.814568787000042],[-108.04973508699999,36.814877812000077],[-108.04947576299998,36.815066320000028],[-108.04921008899998,36.815307074000032],[-108.04894625099996,36.815624404000062],[-108.04870489499996,36.815851212000041],[-108.04841299599997,36.81600843800004],[-108.04821839499999,36.816113256000051],[-108.04803101799996,36.816270304000057],[-108.04768632999998,36.816344040000047],[-108.04727499599994,36.816343197000037],[-108.04680790099997,36.816338076000079],[-108.04621778699999,36.816221319000078],[-108.04554163999995,36.816034491000039],[-108.04511650799998,36.815971520000062],[-108.04483998399996,36.816020070000036],[-108.04464969299994,36.816067726000028],[-108.04438287399995,36.816098004000025],[-108.04406404399998,36.816086648000066],[-108.04374227799997,36.816089920000024],[-108.04353040499996,36.816147202000025],[-108.04337494099997,36.816230930000074],[-108.04323507499998,36.816335600000059],[-108.04307402899997,36.81641494400003],[-108.04267864899998,36.816458674000046],[-108.04227512399996,36.816473807000079],[-108.04200399699994,36.816465822000055],[-108.04169995999996,36.816442511000048],[-108.04146292499996,36.816422998000064],[-108.04121811899995,36.816467198000055],[-108.04102561299999,36.816562910000073],[-108.04085931899999,36.81663298400008],[-108.04063879199998,36.816763951000041],[-108.04052956899994,36.816820097000061],[-108.04046377999998,36.816910507000046],[-108.04039906799994,36.81700464000005],[-108.04032121099999,36.817041338000024],[-108.04011320999996,36.816999914000064],[-108.03980102699995,36.816869874000076],[-108.03935881799998,36.81670349500007],[-108.03891009999995,36.816531904000044],[-108.03847440599998,36.816370735000078],[-108.03817777999996,36.816239996000036],[-108.03791035599994,36.816138872000067],[-108.03750074799996,36.816014217000031],[-108.03725772599995,36.815967373000035],[-108.03699820799994,36.815955896000048],[-108.03688129499994,36.815967366000052],[-108.03674621399995,36.815986132000035],[-108.03666267599999,36.816038216000038],[-108.03657025699994,36.816112840000073],[-108.03644726699997,36.816280196000037],[-108.03632702599998,36.81645651000008],[-108.03621778499996,36.816566016000024],[-108.03599361699997,36.816698831000053],[-108.03571791099995,36.816834343000039],[-108.03548805099996,36.81702507500006],[-108.03525852799999,36.817215523000073],[-108.03490437399995,36.817525961000058],[-108.03474882799998,36.817667254000071],[-108.03456714299995,36.817751135000037],[-108.03433977599997,36.817756742000029],[-108.03394768299995,36.817837872000041],[-108.03359110299999,36.817911651000031],[-108.03297609399999,36.817988863000039],[-108.03235321199998,36.818015066000044],[-108.03170841699995,36.81810555800007],[-108.03128770799998,36.818147253000063],[-108.03100609499995,36.818195409000054],[-108.03076790099999,36.818243267000071],[-108.03067251999994,36.818219807000048],[-108.03057933899998,36.818180901000062],[-108.03050913499999,36.818112780000035],[-108.03040359499994,36.818050610000057],[-108.03021228099999,36.818000014000063],[-108.02998241199998,36.817988472000025],[-108.02989680799999,36.818030556000053],[-108.02982201099996,36.818157369000062],[-108.02988499099996,36.818490225000062],[-108.02991731599997,36.818626404000042],[-108.02992475699995,36.818798332000028],[-108.02983457999994,36.819101431000036],[-108.02980901999996,36.819268618000024],[-108.02982286799994,36.819383603000063],[-108.02991202199996,36.819454987000029],[-108.03000454899995,36.819513789000041],[-108.03008927399998,36.819618115000026],[-108.03005720499999,36.819780089000062],[-108.02997953799996,36.819895130000077],[-108.02995388499994,36.820025754000028],[-108.02995650199995,36.820153079000079],[-108.02998834499999,36.82030727800003],[-108.03002545599998,36.820517547000065],[-108.03009313799998,36.820694568000079],[-108.03009179099996,36.82086817000004],[-108.03001990899998,36.821052347000034],[-108.02996849699997,36.821243183000036],[-108.02992266199999,36.821416859000067],[-108.02983579899995,36.82154145100003],[-108.02975470199999,36.821657134000077],[-108.02956806399999,36.821924128000035],[-108.02939403599999,36.822131660000025],[-108.02927079299997,36.822210212000073],[-108.02914745899994,36.822252203000062],[-108.02890065499997,36.822283947000074],[-108.02864725999996,36.82227914200007],[-108.02835476399997,36.822227389000034],[-108.02792578299994,36.822154964000049],[-108.02744469199996,36.822030393000034],[-108.02713117499997,36.821929712000042],[-108.02661895199998,36.82178102000006],[-108.02608581299995,36.821625188000041],[-108.02539013599994,36.821422605000066],[-108.02504556699995,36.821329143000071],[-108.02469447699997,36.821225242000025],[-108.02440193599995,36.821152587000029],[-108.02390289999994,36.821008658000039],[-108.02343548299996,36.820884227000079],[-108.02304316499999,36.82077868500005],[-108.02304413899998,36.819565299000033]]]]},"properties":{"OBJECTID":5,"District":"Farmers Irrigation District","Shape_Length":0.39621358535506146,"Shape_Area":0.0013258564807863266}},{"type":"Feature","id":6,"geometry":{"type":"Polygon","coordinates":[[[-104.22600058299997,34.467736203000072],[-104.23388127399994,34.467640077000055],[-104.23488530099996,34.464439316000039],[-104.23598217799997,34.464412535000065],[-104.23528771699995,34.463365340000053],[-104.23718340799996,34.463332329000025],[-104.23724969499995,34.456043983000029],[-104.23531406999996,34.456020679000062],[-104.23527755899994,34.454028118000053],[-104.23725471399996,34.45400316100006],[-104.23708319899998,34.443091357000071],[-104.23309302299998,34.44312713000005],[-104.23297683999999,34.432282121000071],[-104.22862849599994,34.432290441000077],[-104.22860135999997,34.433291094000026],[-104.22405644099996,34.433369305000042],[-104.22398067999995,34.435978767000051],[-104.21548596999997,34.435967349000066],[-104.21549227099996,34.427003726000066],[-104.21779047799998,34.426954271000056],[-104.21777172499998,34.423424304000036],[-104.21552604299995,34.423388526000053],[-104.21548177199998,34.41983699900004],[-104.21339106999994,34.419802178000054],[-104.21327165399998,34.416014844000074],[-104.21107759899996,34.416000711000038],[-104.21103511899997,34.412278049000065],[-104.20677626699995,34.412250505000031],[-104.20684653799998,34.404806178000058],[-104.20235578699999,34.404776979000076],[-104.20241120599997,34.398937034000028],[-104.20243228499999,34.393995368000049],[-104.19943904399997,34.393954428000029],[-104.19875452399998,34.392666362000057],[-104.19792805599997,34.390029596000034],[-104.19859692799997,34.390247908000049],[-104.19895092999997,34.388303456000074],[-104.19581554999996,34.386956514000076],[-104.19816447299996,34.386886359000073],[-104.19801607899996,34.383505276000051],[-104.19566868499999,34.383425688000045],[-104.19563256999999,34.37640850300005],[-104.19790318699995,34.376402014000064],[-104.19792052199995,34.374583710000024],[-104.19585716699999,34.374505990000046],[-104.19583006499994,34.369243097000037],[-104.19516013499998,34.369153120000078],[-104.19409710899998,34.367006808000042],[-104.19353572099999,34.366361315000063],[-104.19348864999995,34.358136201000036],[-104.18925458699994,34.358072936000042],[-104.18918579099994,34.356378301000063],[-104.18699518299996,34.356257885000048],[-104.18698992199995,34.35459897000004],[-104.18039287999994,34.354660865000028],[-104.17613669999997,34.354702884000062],[-104.17615348699997,34.355161837000026],[-104.17618572099997,34.358391575000041],[-104.17617556999994,34.361603378000041],[-104.17349404599997,34.36162059600008],[-104.17286411899994,34.362922267000044],[-104.17216755499999,34.364505842000028],[-104.17213065399994,34.366093878000072],[-104.17384601799995,34.369123212000034],[-104.17620891099995,34.369068549000076],[-104.18046495999994,34.369114770000067],[-104.18052260099995,34.382862641000031],[-104.18114189699997,34.384843316000058],[-104.18101588399998,34.386854296000024],[-104.18274708899997,34.39051892100008],[-104.18468433699996,34.390514198000062],[-104.18470155299997,34.397520394000026],[-104.18522383999999,34.398547431000054],[-104.18517322299999,34.399376528000062],[-104.18464100199998,34.399372982000045],[-104.18466543799997,34.401243785000077],[-104.18004515199999,34.401265848000037],[-104.18004536999996,34.412154368000074],[-104.17932161299996,34.412131869000063],[-104.17931428999998,34.415061304000062],[-104.17827008199998,34.415142529000036],[-104.17698992299995,34.415398636000077],[-104.17622545899997,34.415181721000067],[-104.17134924699997,34.415166429000067],[-104.16956205499997,34.415013128000055],[-104.16707675999999,34.414396216000057],[-104.16590654899994,34.414300003000051],[-104.16513616099996,34.414682992000053],[-104.16474780899995,34.415192117000061],[-104.16461390999996,34.415808865000031],[-104.16463221899994,34.416108995000059],[-104.16462993699997,34.41633839900004],[-104.16479449299999,34.416921889000037],[-104.16592469599999,34.418906117000063],[-104.16600566399995,34.41933020700003],[-104.16644407799998,34.42021556800006],[-104.16696977799995,34.420889754000029],[-104.16683431099995,34.421665319000056],[-104.16696025899995,34.430436959000076],[-104.17584128999994,34.430461836000063],[-104.17753087899996,34.434090939000043],[-104.17769555699999,34.434674412000049],[-104.17887700699998,34.435829435000073],[-104.18035873599996,34.43677469000005],[-104.18032813399998,34.437727445000064],[-104.18029004699997,34.441627271000073],[-104.18023903999995,34.451209472000073],[-104.21965090499998,34.463523925000061],[-104.22438647599995,34.465061276000029],[-104.22438748099995,34.466619586000036],[-104.22601527699999,34.467370737000067],[-104.22600058299997,34.467736203000072]]]},"properties":{"OBJECTID":6,"District":"Fort Sumner Irrigation District","Shape_Length":0.39849949398776846,"Shape_Area":0.0034757309852251755}},{"type":"Feature","id":7,"geometry":{"type":"Polygon","coordinates":[[[-107.79302267299994,36.735788604000049],[-107.79315128499996,36.739407931000073],[-107.79326839699996,36.742995731000065],[-107.79338550999995,36.746583532000045],[-107.79796160799998,36.746629659000064],[-107.80253773399994,36.746675786000026],[-107.80711385899997,36.746721938000064],[-107.81168998599998,36.746768066000072],[-107.81145287099997,36.74322059800005],[-107.81611116499994,36.743191003000049],[-107.82076946099994,36.74316127000003],[-107.82078313299996,36.73963360700003],[-107.82079699799999,36.736055445000034],[-107.82081086199997,36.732477282000048],[-107.81577016599999,36.732495240000048],[-107.81570874999994,36.728909355000042],[-107.81564733599998,36.725323361000051],[-107.82064342099994,36.72538501400004],[-107.82055778299997,36.721757908000029],[-107.82047217199994,36.718130803000065],[-107.82542228399996,36.718192955000063],[-107.82696844899999,36.718212701000027],[-107.82689603399996,36.714574262000042],[-107.82682364599998,36.710935851000045],[-107.82675122999996,36.707297412000059],[-107.83141716599994,36.707259039000064],[-107.83140861299995,36.705725562000055],[-107.83605054699996,36.705731181000033],[-107.83604535399996,36.70365550300005],[-107.84072862499994,36.703653769000027],[-107.84541186699994,36.703652006000027],[-107.84544190399998,36.70039908900003],[-107.84984019299998,36.700514851000037],[-107.85423834299996,36.700630449000073],[-107.85863732599995,36.700745991000076],[-107.86303630999998,36.700861588000066],[-107.86749132199998,36.700814855000033],[-107.87207503199994,36.700766760000079],[-107.87652493399997,36.700720110000077],[-107.87642274199999,36.697046144000069],[-107.88087678099998,36.697008632000063],[-107.88533504599997,36.697057480000069],[-107.88979330899997,36.697106161000079],[-107.88986341599997,36.700770323000029],[-107.89433390099998,36.700818865000031],[-107.89436400899996,36.704482416000076],[-107.89441805799999,36.708114967000029],[-107.89884645899997,36.708140232000062],[-107.90325360999998,36.708115278000037],[-107.90766092499996,36.708090156000026],[-107.91208163099998,36.708064505000038],[-107.91650230899995,36.708038854000051],[-107.92091979099996,36.707967677000056],[-107.92533730199995,36.707896333000065],[-107.92973381099995,36.707813545000079],[-107.92970637299999,36.704207910000036],[-107.93415882999994,36.704132565000066],[-107.93413037699997,36.707730617000038],[-107.93860436199998,36.707731329000069],[-107.94307834699998,36.707731872000068],[-107.94755613699999,36.707732387000078],[-107.95203395699997,36.70773276500006],[-107.95652666399997,36.707741364000071],[-107.96101934599994,36.70774979600003],[-107.96552852699995,36.707742729000074],[-107.97003765099998,36.707735495000065],[-107.97004144799996,36.711276827000063],[-107.97452626699999,36.711284509000052],[-107.97901108499997,36.711291997000046],[-107.98354823899996,36.711299428000075],[-107.98808541999995,36.711306666000041],[-107.98808345899994,36.707710974000065],[-107.98808146699997,36.704115282000032],[-107.98807758699996,36.700493313000038],[-107.98807741799999,36.698760726000046],[-108.00606559699997,36.698698586000035],[-108.01056772099997,36.698680349000028],[-108.01056230199998,36.696882473000073],[-108.01504966299996,36.696837643000038],[-108.01952132699995,36.696792452000068],[-108.01951353299995,36.693124761000036],[-108.02396939299996,36.693077265000056],[-108.02843708599994,36.693176767000068],[-108.03290475199998,36.693276241000035],[-108.03736916899999,36.693375881000065],[-108.03735067899999,36.689771938000035],[-108.04172978599996,36.689890691000073],[-108.04634859599997,36.690116466000063],[-108.05096740599998,36.690342243000032],[-108.05541946099999,36.690291080000065],[-108.05987148699995,36.690239918000032],[-108.06433817799996,36.690281171000038],[-108.06880487299998,36.690322451000043],[-108.07327764899998,36.690248484000051],[-108.07775039899997,36.690174544000058],[-108.08221700899998,36.690216379000049],[-108.08668361899998,36.690258243000073],[-108.09115020199994,36.690300107000041],[-108.09561681199995,36.690341944000068],[-108.10012697999997,36.690360779000059],[-108.10013813399996,36.694021639000027],[-108.10464116199995,36.69402664200004],[-108.10914721699999,36.694028840000044],[-108.10915109399997,36.69766342500003],[-108.11365620599997,36.697653984000056],[-108.11801883999999,36.697636960000068],[-108.12238147499994,36.697619771000063],[-108.12683033399998,36.697602080000024],[-108.13127919299995,36.697584223000035],[-108.13127109699997,36.701245697000047],[-108.13126302899997,36.704907198000058],[-108.13562227399996,36.704835314000036],[-108.13998149099996,36.70476343200005],[-108.14434059699994,36.704691743000069],[-108.14431991699996,36.708330746000058],[-108.14862960499994,36.708235781000042],[-108.14862697999996,36.711850395000056],[-108.15307897899999,36.711867454000071],[-108.15753097699996,36.711884374000078],[-108.16198297499994,36.711901128000079],[-108.16643500099997,36.711917688000028],[-108.17095991799994,36.711953247000054],[-108.17097249399995,36.710143857000048],[-108.17098507099996,36.708334466000053],[-108.17101019599994,36.704715573000044],[-108.17102895899995,36.701092405000054],[-108.17104769599996,36.697469152000053],[-108.17106645899997,36.693845704000069],[-108.17108519599998,36.690222174000041],[-108.16656585999999,36.690196726000067],[-108.16208519499997,36.690185473000042],[-108.15760455599997,36.690174248000062],[-108.15312391799995,36.690163023000025],[-108.14864325299999,36.690151798000045],[-108.14864562599996,36.686535658000025],[-108.14864802799997,36.682919516000027],[-108.14865040199999,36.679303374000028],[-108.14865277499996,36.675687206000077],[-108.14435158699996,36.675702340000043],[-108.14418055599998,36.675703147000036],[-108.13997181399998,36.675719113000071],[-108.13965919199995,36.675718450000033],[-108.13553375999999,36.675705750000077],[-108.13513838699998,36.675704560000042],[-108.13109570499995,36.675692526000034],[-108.13061638599999,36.675691503000053],[-108.12664914999999,36.675680689000046],[-108.12608621699997,36.675679139000067],[-108.12220259699995,36.67566907500003],[-108.12157654999999,36.675668582000071],[-108.11774709799994,36.675663739000072],[-108.11706596699997,36.675662857000077],[-108.11329159899998,36.675658431000045],[-108.11338134099998,36.679345985000054],[-108.11347110899999,36.683033538000075],[-108.11786365999995,36.683019738000041],[-108.11792184599994,36.686683238000057],[-108.11356087699994,36.686721065000029],[-108.10906579399995,36.686707673000058],[-108.10914328499996,36.690394145000027],[-108.10463606199994,36.690379699000061],[-108.10457076599994,36.686694116000069],[-108.10450547099998,36.683008505000032],[-108.10444039599997,36.679334923000056],[-108.10437532399999,36.67566134100008],[-108.10804888099995,36.675659630000041],[-108.10804814799997,36.673112781000043],[-108.10804779799997,36.669487114000049],[-108.10804806099998,36.665859668000053],[-108.10804829499995,36.662232251000034],[-108.10804855699996,36.658604807000074],[-108.10804881799999,36.654977388000077],[-108.10354837399996,36.654973248000033],[-108.09904795499995,36.654969107000056],[-108.09454751099997,36.654964939000024],[-108.09004709399994,36.654960799000037],[-108.08555053599997,36.654958825000051],[-108.08105397999998,36.654956851000065],[-108.07655742399999,36.65495487700008],[-108.07206086799994,36.654952904000027],[-108.06755978299998,36.65494693100004],[-108.06305872699994,36.654940984000064],[-108.05855766999997,36.654935010000031],[-108.05405661399999,36.654929064000044],[-108.04967558999999,36.654931949000058],[-108.04517761699998,36.654934866000076],[-108.04068036699999,36.654936447000068],[-108.03618311599996,36.654938030000039],[-108.03618115999996,36.658562750000044],[-108.03617920599999,36.66218744300005],[-108.03617725099997,36.665812136000056],[-108.03617532199996,36.669436857000051],[-108.03167807199998,36.669441242000062],[-108.02718084999998,36.66944565700004],[-108.02268362799998,36.669450071000028],[-108.01818637699995,36.669454487000053],[-108.01369915499998,36.669478817000027],[-108.00921190499997,36.669503175000045],[-108.00471223699998,36.669517062000068],[-108.00021254199999,36.669530916000042],[-107.99569699799997,36.669531873000039],[-107.99118145499995,36.669532831000026],[-107.98666593799999,36.669533788000024],[-107.98215039499996,36.669534718000079],[-107.98214696899998,36.673159715000054],[-107.98214595299999,36.675405345000058],[-107.98369689399999,36.675408203000075],[-107.98368080499995,36.677136285000074],[-107.98367451099995,36.678009451000037],[-107.98367382699996,36.678900924000061],[-107.98364992799998,36.682516449000047],[-107.98361805799999,36.686121391000029],[-107.98358618499998,36.689726249000046],[-107.98356589699995,36.693320191000055],[-107.98354563799995,36.696914050000032],[-107.97901756699997,36.69695659000007],[-107.97449916299996,36.696996572000046],[-107.96998017699997,36.697037140000077],[-107.96997293399994,36.69342236600005],[-107.96996572199998,36.689807619000078],[-107.96549520799999,36.689813158000049],[-107.96102469399995,36.689818671000069],[-107.95655645799997,36.689824266000073],[-107.95208819499999,36.689829860000032],[-107.94763037699994,36.689835318000064],[-107.94317255699997,36.689840802000049],[-107.93873151799994,36.68983167600004],[-107.93429050499998,36.689822549000041],[-107.93431281799997,36.686211052000033],[-107.93431287399994,36.686201553000046],[-107.93433513299999,36.682599556000071],[-107.93433521599997,36.682580528000074],[-107.93435277899994,36.678986115000043],[-107.93435288999996,36.678957643000047],[-107.93437037099994,36.675372841000069],[-107.93248883399997,36.67536745600006],[-107.92991488399997,36.675360104000049],[-107.92798612499996,36.675353109000071],[-107.92798369499997,36.673176978000072],[-107.92797959199999,36.669553565000058],[-107.92347688199999,36.669546160000039],[-107.91897419799994,36.669538757000055],[-107.91447148899999,36.669531326000026],[-107.90996880799997,36.669523921000064],[-107.90547806899997,36.669515073000071],[-107.90098733099995,36.669506224000031],[-107.89649659399998,36.669497376000038],[-107.89200585699996,36.669488528000045],[-107.88750284099996,36.669478124000079],[-107.88299982399997,36.669467721000046],[-107.87849680999994,36.669457316000035],[-107.87399379399994,36.669446940000057],[-107.86949002899996,36.669432954000058],[-107.86498623499995,36.66941896600008],[-107.86048246899998,36.669404980000024],[-107.85597870399994,36.669390992000046],[-107.85146907599994,36.669385145000035],[-107.84695947699998,36.669379324000033],[-107.84244984999998,36.669373476000032],[-107.83794025099996,36.669367627000042],[-107.83794024999997,36.669077715000071],[-107.83451640899995,36.669084697000073],[-107.83001356199998,36.669093460000056],[-107.82550768399994,36.66910038900005],[-107.82100177999996,36.669107346000033],[-107.82100255399996,36.672727119000058],[-107.82100373799994,36.67534874100005],[-107.81849017899998,36.675343776000034],[-107.81651119399999,36.675339865000069],[-107.81403805499997,36.675334983000027],[-107.81388854499994,36.678830398000059],[-107.81373903599996,36.682325839000043],[-107.81358952699998,36.685821253000029],[-107.81344001699995,36.68931669400007],[-107.81197635199999,36.692818582000029],[-107.81051265899998,36.696320473000071],[-107.81051043299999,36.699900968000065],[-107.81050820799999,36.703481493000027],[-107.80591924699996,36.70350450400008],[-107.80133025699996,36.703527488000077],[-107.79684896699996,36.703545611000038],[-107.79236767699996,36.703563705000079],[-107.79240095099999,36.707094340000026],[-107.79243422699994,36.710624974000041],[-107.79246750299995,36.714155611000024],[-107.79250080499997,36.717686244000049],[-107.79260047399998,36.721308794000038],[-107.79270014099995,36.724931343000037],[-107.79279708599995,36.72855030900007],[-107.79289405899999,36.732169249000037],[-107.79302267299994,36.735788604000049]]]},"properties":{"OBJECTID":7,"District":"Hammond Conservancy District","Shape_Length":1.1321438844241869,"Shape_Area":0.011577788319612436}},{"type":"Feature","id":8,"geometry":{"type":"MultiPolygon","coordinates":[[[[-108.21060995099998,36.791533016000074],[-108.21052661699997,36.805995378000034],[-108.22387504999995,36.806138569000041],[-108.22401942499994,36.791526762000046],[-108.21060995099998,36.791533016000074]]],[[[-108.25077228999999,36.842156401000068],[-108.24616401099996,36.842159752000043],[-108.24166348299997,36.842162853000048],[-108.23716295999998,36.842165815000044],[-108.23722255099995,36.845792753000069],[-108.23728278299996,36.849461330000054],[-108.23726595699998,36.853107685000055],[-108.23724910299995,36.856754012000067],[-108.23723227699998,36.86040033900008],[-108.23721542099997,36.86404669500007],[-108.24172781599998,36.864054595000027],[-108.24624018199995,36.86406252300003],[-108.25044553499998,36.863927926000031],[-108.25111711099999,36.863906282000073],[-108.25116722899998,36.861078446000079],[-108.25118151899994,36.86027292600005],[-108.25123149699999,36.857451423000043],[-108.25124590099995,36.856639597000026],[-108.25129573999999,36.853827150000029],[-108.25131033699995,36.853003519000026],[-108.25136000799995,36.850199211000074],[-108.25135996599994,36.849368080000033],[-108.25140385999998,36.846514023000054],[-108.25141523599996,36.845761973000037],[-108.25145857399997,36.842898277000074],[-108.25147047799999,36.842155866000041],[-108.25077228999999,36.842156401000068]]],[[[-108.18639041599994,36.98731497700004],[-108.18640932799997,36.990914136000072],[-108.18642793299995,36.994457379000039],[-108.18642520499998,36.998025426000027],[-108.18642389399997,36.999719771000059],[-108.19099886099997,36.999719649000042],[-108.19557379999998,36.999719501000072],[-108.20014876499994,36.999719378000066],[-108.20005387099997,36.997862481000027],[-108.20010640499999,36.994373209000059],[-108.20015352099995,36.990796076000038],[-108.20020060999997,36.987218971000061],[-108.19551505899994,36.98725173400004],[-108.19545325399997,36.983615409000038],[-108.19539147699999,36.979979000000071],[-108.19066823099996,36.979987513000026],[-108.19076204599997,36.976354325000045],[-108.19541861999994,36.976337536000074],[-108.19544578899996,36.972695960000067],[-108.20003569299996,36.972670643000072],[-108.20006622399995,36.969023317000051],[-108.20009675499995,36.965376019000075],[-108.20011470199995,36.961734193000041],[-108.20013264899995,36.958092339000075],[-108.20015115099994,36.954450597000061],[-108.20468771199995,36.954414974000031],[-108.20471568499994,36.950753760000055],[-108.20464287799996,36.947175488000028],[-108.20010826399999,36.947167308000076],[-108.20004690199994,36.943525815000044],[-108.20457007099998,36.943597135000061],[-108.20306868299997,36.944528883000032],[-108.20752269599996,36.944704229000024],[-108.20917746599997,36.947183504000066],[-108.21357771499999,36.947311546000037],[-108.21350773899997,36.94373758200004],[-108.21345976199996,36.940081811000027],[-108.20900601499994,36.940029465000066],[-108.20758206699998,36.942206191000025],[-108.19992296599997,36.942264823000073],[-108.19998553899995,36.939884297000049],[-108.20449715299998,36.939956978000055],[-108.20442503799995,36.936355652000032],[-108.20891881599999,36.936390611000036],[-108.20897051099996,36.932684868000024],[-108.20902131799994,36.92904240200005],[-108.20907126599997,36.925462548000041],[-108.20912118399997,36.921882720000042],[-108.21424678999995,36.921876673000043],[-108.21404369699997,36.918352182000035],[-108.21384063299996,36.91482757700004],[-108.21847557599995,36.91488414500003],[-108.21846234899999,36.911188541000058],[-108.22313073699996,36.911189248000028],[-108.22302150499996,36.907508700000051],[-108.22759388799994,36.907524490000071],[-108.23181450699997,36.907538007000028],[-108.23603514999996,36.90755155100004],[-108.23586994199997,36.903861559000063],[-108.23570476099997,36.900171539000041],[-108.23548780099998,36.896578408000039],[-108.23527086999997,36.892985278000026],[-108.23151891599997,36.893004090000034],[-108.22776695999994,36.893022904000077],[-108.22765400699996,36.889384550000045],[-108.22335900199994,36.889364870000065],[-108.22329224399999,36.885727821000046],[-108.22327818599996,36.882111634000069],[-108.22326409699997,36.878495362000024],[-108.22731639499995,36.878506517000062],[-108.23136869299998,36.878517673000033],[-108.23195532099999,36.874910673000045],[-108.23635457599994,36.874925325000049],[-108.24089272399999,36.874890863000076],[-108.24149532299998,36.871277975000055],[-108.23728813299999,36.87132179300005],[-108.23254192199994,36.871303590000025],[-108.22779568299995,36.871285219000072],[-108.22350521199996,36.871268428000064],[-108.21921473999998,36.871251498000049],[-108.21927634999997,36.867639032000056],[-108.21933796099995,36.864026595000041],[-108.21934523699997,36.860418655000046],[-108.21935251199994,36.856810746000065],[-108.22382020799995,36.856796840000072],[-108.22378386899999,36.853119208000066],[-108.22374755799996,36.84944146600003],[-108.22829908999995,36.849525114000073],[-108.22825916599999,36.845893954000076],[-108.22821946699997,36.84228371100005],[-108.22817973799994,36.838668662000032],[-108.22814000999995,36.835053612000024],[-108.23259539099996,36.834983651000073],[-108.23705077599999,36.834913717000063],[-108.24156643699996,36.834899145000065],[-108.24608212699997,36.834884571000032],[-108.24616251099997,36.831287019000058],[-108.24624289399998,36.827689440000029],[-108.24171731599995,36.827685460000055],[-108.23719170999999,36.827681311000049],[-108.23269463399998,36.827732053000034],[-108.23264499999999,36.831357824000065],[-108.22816861699994,36.831418008000071],[-108.22819755699999,36.827782654000032],[-108.22822635899996,36.824147882000034],[-108.23274296099999,36.824101807000034],[-108.23279126399996,36.820471480000037],[-108.23282403699994,36.816858680000053],[-108.22828154599995,36.816900283000052],[-108.22830787399994,36.813287427000034],[-108.22394055799998,36.813327279000077],[-108.21957321199994,36.813366963000078],[-108.21962718899999,36.816969650000033],[-108.21968113799994,36.820572337000044],[-108.21518772799999,36.82049238500008],[-108.21506289199999,36.824131295000029],[-108.21493802699996,36.827770122000061],[-108.21481158099999,36.831411034000041],[-108.21928579899998,36.83153832000005],[-108.22372720799996,36.831478163000043],[-108.22364565299995,36.835124187000076],[-108.22368537999995,36.838733513000079],[-108.22372507999995,36.842342700000074],[-108.21923069299999,36.842401523000035],[-108.21919121799999,36.838798197000074],[-108.21915171399996,36.835194871000056],[-108.21468510599999,36.835051750000048],[-108.21468913499996,36.838650355000027],[-108.21469313599994,36.842248654000059],[-108.21466905199998,36.845756702000074],[-108.21921338799996,36.84587979500003],[-108.21919599899996,36.849357818000044],[-108.21927425599995,36.853084281000065],[-108.21469944399996,36.852987023000026],[-108.21464488299995,36.849272781000025],[-108.21009365899994,36.849187828000026],[-108.21012457699999,36.852889596000068],[-108.21015549599997,36.856591367000078],[-108.20559779699994,36.856482635000077],[-108.20562590899999,36.860146877000034],[-108.20106628999997,36.860067340000057],[-108.20109245599997,36.863760777000039],[-108.19649383399997,36.863578018000055],[-108.19641779999995,36.867250371000068],[-108.19183629099996,36.867044447000069],[-108.19177733899994,36.870693605000042],[-108.18724493999997,36.87050804200004],[-108.18707798799994,36.874402476000057],[-108.18691103499998,36.878295688000037],[-108.18216871099997,36.878244624000047],[-108.18219870499996,36.881858088000058],[-108.18222867199995,36.885471524000025],[-108.18225866599994,36.889084961000037],[-108.17778865499997,36.889059642000063],[-108.17780523099998,36.892699940000057],[-108.17332183099995,36.892701482000064],[-108.17320667799999,36.896315753000067],[-108.17309149899995,36.899930023000024],[-108.17297640099997,36.90354112600005],[-108.17286133299996,36.907152230000065],[-108.17288596399999,36.910777026000062],[-108.17291059499996,36.914401797000039],[-108.17293514399995,36.918010064000043],[-108.17729174199997,36.918036163000068],[-108.17740026599995,36.921646404000057],[-108.17739203699995,36.925292756000033],[-108.17294104299998,36.925261603000024],[-108.16844993799998,36.92523011600008],[-108.16395882999996,36.925198464000061],[-108.16383917599995,36.928834789000064],[-108.15738048599997,36.928137397000057],[-108.15742414299996,36.926110254000037],[-108.15374382799996,36.92605910900005],[-108.15369679799994,36.928238014000044],[-108.15555173999996,36.928263805000029],[-108.15547409999999,36.931864665000035],[-108.15034653099997,36.932178795000027],[-108.15031248599996,36.935784452000064],[-108.15482968099997,36.935847745000046],[-108.15934687499998,36.935911063000049],[-108.16386406999999,36.93597438300003],[-108.16375605499996,36.93955698700006],[-108.16364803899995,36.943139591000033],[-108.16364202999995,36.946992885000043],[-108.16363599499999,36.950846178000063],[-108.15917290799996,36.950683080000033],[-108.15470979299994,36.95051995700004],[-108.15024670599996,36.950356830000032],[-108.14578359299998,36.950193705000061],[-108.14578288099995,36.953816612000026],[-108.14578214499994,36.957439519000047],[-108.14572765699995,36.961248841000042],[-108.14567314099997,36.965058163000037],[-108.15017167799999,36.965150622000067],[-108.15467021499995,36.965243082000029],[-108.15916711199998,36.965337570000031],[-108.15916973499998,36.961672579000037],[-108.16368874299997,36.961814955000079],[-108.16823427999998,36.961830332000034],[-108.17277984499998,36.961845542000049],[-108.17736813199997,36.961837696000032],[-108.18197216999994,36.961829656000077],[-108.18199071999999,36.965515147000076],[-108.18197863099999,36.969142251000051],[-108.18646422199998,36.969112879000079],[-108.18641121499996,36.972745287000066],[-108.18635826299999,36.976375446000077],[-108.18630528299997,36.980005495000057],[-108.18634786299998,36.983660290000046],[-108.18639041599994,36.98731497700004]],[[-108.18103432999999,36.951053153000032],[-108.17688818099998,36.951040010000042],[-108.17712642799995,36.948140270000067],[-108.18102103799998,36.948128932000031],[-108.18103432999999,36.951053153000032]],[[-108.17682564599994,36.944107677000034],[-108.16687065599996,36.944337724000036],[-108.16681378999999,36.942749412000069],[-108.17251662999996,36.942617729000062],[-108.17283442499996,36.936455562000049],[-108.17681939799996,36.936587918000043],[-108.17682564599994,36.944107677000034]],[[-108.21907263999998,36.896575730000052],[-108.21906072499996,36.900170697000078],[-108.21875490999997,36.90383180300006],[-108.21844909599997,36.90749291000003],[-108.21387082499996,36.907476705000079],[-108.20929255299995,36.907460470000046],[-108.20471425299996,36.907457095000041],[-108.20013595399996,36.907453693000036],[-108.20019826499998,36.903820284000062],[-108.20026057499996,36.900186903000076],[-108.20032977399995,36.896607102000075],[-108.20039894799999,36.893027303000054],[-108.20507035599996,36.893015649000063],[-108.20974173699994,36.893004021000024],[-108.21441314599997,36.892992393000043],[-108.21908452699995,36.892980765000061],[-108.21907263999998,36.896575730000052]]]]},"properties":{"OBJECTID":8,"District":"La Plata Conservancy District","Shape_Length":1.0679506688518503,"Shape_Area":0.0060495402988588682}},{"type":"Feature","id":9,"geometry":{"type":"Polygon","coordinates":[[[-106.31081199299996,35.631694637000066],[-106.31913144499998,35.63172965800004],[-106.32848277099998,35.631768217000058],[-106.32847523099997,35.624051789000077],[-106.34628176299998,35.624066679000066],[-106.34646179799995,35.603027833000056],[-106.35515710299995,35.603020559000072],[-106.35504639999999,35.59553601500005],[-106.36468357199999,35.595540967000034],[-106.36460512599996,35.588269622000041],[-106.37294315199995,35.588289236000037],[-106.37295340599997,35.581223525000041],[-106.37303355599994,35.566557282000076],[-106.37293159599994,35.552085570000031],[-106.37280382299997,35.537739904000034],[-106.37557353399995,35.53773293100005],[-106.37573951399997,35.537731055000052],[-106.39041920999995,35.537630372000024],[-106.39044114399996,35.530446447000031],[-106.39985507899996,35.530251725000028],[-106.39981490099996,35.508631011000034],[-106.41709594799994,35.508559547000061],[-106.41705510899999,35.500001940000061],[-106.41702730799994,35.494281750000027],[-106.42591042799995,35.494307592000041],[-106.42589294799996,35.479733984000063],[-106.43530220899999,35.479753230000028],[-106.43528817699996,35.472730016000071],[-106.44368514199999,35.47269760100005],[-106.44360468699995,35.450855575000048],[-106.45215148399996,35.450730294000039],[-106.45207216799997,35.436299235000035],[-106.46034509499998,35.436179328000037],[-106.46038647999995,35.427579954000066],[-106.46038729599996,35.421749074000047],[-106.47812141299994,35.421722702000068],[-106.47820294799999,35.414189947000068],[-106.48726828599996,35.414264163000041],[-106.48732512499998,35.400589364000041],[-106.49492779099995,35.400605813000027],[-106.49485968599998,35.392785497000034],[-106.50386273099997,35.39274768100006],[-106.50386241899997,35.38554920100006],[-106.51261370699996,35.385596767000038],[-106.52209804099999,35.376881272000048],[-106.52534945799994,35.373892879000039],[-106.53023236999996,35.369404547000045],[-106.53110370399997,35.36917483600007],[-106.53448852499997,35.363875522000058],[-106.53524801899994,35.362508241000057],[-106.54791525399997,35.350685997000028],[-106.54870898199994,35.349375172000066],[-106.55487126299994,35.349416440000027],[-106.56594589399998,35.349545324000076],[-106.56620608199995,35.334231295000052],[-106.58399792199998,35.334262085000034],[-106.58419310999994,35.319472262000033],[-106.60172488199998,35.319422536000047],[-106.60199213299995,35.307215491000079],[-106.60198168499994,35.304803154000069],[-106.60415689199999,35.304796803000045],[-106.60422252799998,35.290531716000032],[-106.62213262999995,35.290583036000044],[-106.62219408499999,35.276003305000074],[-106.61349587799998,35.275925016000031],[-106.61349167199995,35.268886480000049],[-106.62218234599999,35.268859041000042],[-106.62214751099998,35.261240858000065],[-106.60416021599997,35.261311656000032],[-106.60407076399997,35.254122921000032],[-106.61318430399996,35.25406810700008],[-106.61311844399995,35.239297385000043],[-106.64006601399996,35.239218348000065],[-106.64003174399994,35.232059641000035],[-106.64901750399997,35.232058873000028],[-106.64889679799995,35.217919217000031],[-106.65710967899997,35.217921772000068],[-106.65713526299999,35.203095395000048],[-106.65716693599995,35.18864779900008],[-106.66627280999995,35.188613767000049],[-106.66619560499998,35.181676727000024],[-106.67485437799996,35.181646664000027],[-106.67469801599998,35.174271634000036],[-106.68366076299998,35.174364537000031],[-106.68363261699994,35.145503179000059],[-106.69217009499994,35.145485049000058],[-106.69215865899997,35.130843449000054],[-106.69683841299997,35.130832468000051],[-106.69680876799998,35.123953576000076],[-106.69682105399994,35.069216029000074],[-106.70139093299997,35.069233455000074],[-106.70141347899994,35.058304278000037],[-106.71023022099996,35.058384846000024],[-106.71029631199997,35.044264453000039],[-106.71961917799996,35.044309781000038],[-106.71957393799994,35.02983295100006],[-106.72810786099996,35.029699312000048],[-106.72818477099997,35.014798148000068],[-106.72825912999997,35.000462291000076],[-106.72833334799998,34.985814155000071],[-106.72841967499994,34.970882982000035],[-106.72851197099999,34.956685324000034],[-106.71976655699996,34.956661432000033],[-106.71969881199999,34.942450650000069],[-106.71959570799999,34.920478407000076],[-106.71044462199995,34.920449898000072],[-106.71044096899999,34.906282741000041],[-106.71040401799996,34.898915224000064],[-106.71947979399994,34.898870534000025],[-106.71952278499998,34.891409668000051],[-106.72823573699998,34.891411066000046],[-106.72825008199999,34.85941482000004],[-106.73301355999996,34.859476393000079],[-106.73285653499994,34.848936040000069],[-106.73739699199996,34.848861244000034],[-106.73739717299998,34.837234565000074],[-106.74157548399995,34.837241794000079],[-106.74176027499999,34.82635657000003],[-106.74596408499997,34.826268037000034],[-106.74611615999999,34.811478731000079],[-106.75034056499999,34.81147825100004],[-106.75031991399999,34.808061541000029],[-106.75485493299999,34.808018054000058],[-106.75481266099996,34.801084973000059],[-106.76381558799994,34.801038723000033],[-106.76379122099996,34.797111248000078],[-106.76844865899994,34.797091497000054],[-106.76843056299998,34.793471413000077],[-106.77272331999995,34.793427992000034],[-106.77260725099995,34.76869423200003],[-106.77694721599994,34.76868410000003],[-106.77684730999994,34.761413952000055],[-106.78125219299994,34.761394812000049],[-106.78131554899994,34.754523062000032],[-106.78128924499998,34.747431873000039],[-106.78588926799995,34.747398667000027],[-106.78588616799999,34.739376920000041],[-106.79031888899999,34.739345658000047],[-106.79015165099997,34.710445922000076],[-106.79001957799994,34.695687448000058],[-106.79457078299998,34.695689205000065],[-106.79416446499994,34.591229385000076],[-106.79898891899995,34.591207777000079],[-106.79898453299995,34.569379627000046],[-106.80378092599994,34.569324658000028],[-106.80370256799995,34.557502394000039],[-106.80832187799996,34.557517078000046],[-106.80806125499998,34.529422806000071],[-106.81295146299999,34.529342302000032],[-106.81284926099994,34.522111437000035],[-106.81788729299996,34.522043824000036],[-106.81801478499995,34.485968440000079],[-106.82306417999996,34.485944866000068],[-106.82306323399996,34.478221948000055],[-106.82792178399995,34.478201846000047],[-106.82786055299994,34.471245509000028],[-106.83562142499994,34.471265947000063],[-106.83534649999996,34.449233972000059],[-106.83524369599996,34.441684977000079],[-106.85319309699997,34.441597750000028],[-106.85324700799998,34.44909750100004],[-106.86201699599997,34.449053915000036],[-106.86199760899996,34.485148479000031],[-106.87141769299996,34.485049749000041],[-106.87215581599997,34.528515465000055],[-106.87753688699996,34.528546327000072],[-106.87756348099998,34.532091248000029],[-106.89159672499994,34.532004262000044],[-106.89158568599998,34.521421307000026],[-106.89154578599994,34.507069141000045],[-106.89581979899998,34.507220424000025],[-106.89576523699998,34.500146021000035],[-106.90431208299998,34.500274323000042],[-106.90418465499994,34.49293926200005],[-106.90405797599999,34.485691434000046],[-106.90497823899995,34.477973573000043],[-106.90478120099999,34.470696894000071],[-106.90905243899999,34.470673938000061],[-106.90899592399995,34.463483418000067],[-106.90479447099995,34.46341908100004],[-106.90496074599997,34.448862680000047],[-106.90055090599998,34.448886224000034],[-106.90022835399998,34.434390096000072],[-106.89596967699998,34.434456989000068],[-106.89589350799997,34.414313954000079],[-106.88716191099996,34.41429344200003],[-106.88739216399995,34.398916705000033],[-106.87842729399995,34.398963081000034],[-106.87848254099998,34.375697226000057],[-106.87857113499996,34.360994013000038],[-106.87866763899996,34.354002105000063],[-106.87425431499997,34.354004079000049],[-106.87442557299994,34.316927343000032],[-106.86996460999995,34.316888506000055],[-106.86998425599995,34.312857853000025],[-106.86547458199999,34.312921843000026],[-106.86569554599998,34.302474368000048],[-106.86143366699997,34.302495713000042],[-106.86147600199996,34.295831708000037],[-106.85290060299997,34.295973134000064],[-106.85292375899996,34.28252828400008],[-106.87008177599995,34.282311088000029],[-106.87013847399999,34.275151339000047],[-106.87871253899999,34.275120018000052],[-106.87865404599995,34.267261137000048],[-106.88736260899998,34.267286563000027],[-106.89612336399995,34.267320052000059],[-106.89612127399994,34.274567483000055],[-106.90113580799999,34.274566334000042],[-106.92250759499996,34.274564271000031],[-106.92244066099994,34.250093721000042],[-106.92255924399996,34.216161094000029],[-106.92249659399994,34.172966817000031],[-106.92276176199999,34.158516336000048],[-106.91803336999999,34.158509184000025],[-106.91402147399998,34.158501769000054],[-106.91409808699996,34.154509872000062],[-106.90980690599997,34.154533012000059],[-106.90992877199994,34.140132076000043],[-106.90524784599995,34.140092211000024],[-106.90521980999995,34.136459837000075],[-106.90046127699998,34.136452491000057],[-106.90041436599995,34.125263504000031],[-106.89620223599997,34.125220804000037],[-106.89617201499999,34.11098273500005],[-106.90077302499998,34.110991089000038],[-106.90065888099997,34.10331022500003],[-106.90069637599998,34.093210659000079],[-106.90492222399996,34.093199196000057],[-106.90495846899995,34.085844889000043],[-106.90933306299996,34.085844878000046],[-106.90934197699994,34.082307743000058],[-106.91813418199996,34.08231485400006],[-106.91816260399997,34.074945163000052],[-106.90936137499995,34.074953872000037],[-106.90947019399994,34.042214683000054],[-106.88762584699998,34.042174320000072],[-106.88750330799996,34.000075829000025],[-106.88751837899997,33.99287060100005],[-106.88755212999996,33.976850789000025],[-106.87958629099995,33.976834092000047],[-106.87977721299995,33.926702154000054],[-106.87978116699998,33.925949150000065],[-106.87961551299998,33.925949639000066],[-106.87559118199994,33.925956765000024],[-106.87559154699994,33.917266189000031],[-106.87560541699997,33.896945064000079],[-106.87944545399995,33.896938558000045],[-106.87921154299994,33.882416907000049],[-106.87912483999997,33.870094855000048],[-106.87898669999998,33.866873883000039],[-106.88759966099997,33.867013753000037],[-106.88760683199996,33.838277697000024],[-106.89665582899994,33.838046278000036],[-106.89721544099996,33.795123224000065],[-106.90537832699994,33.795080131000077],[-106.90543608399997,33.773711718000072],[-106.91425913599994,33.773664543000052],[-106.91370701899996,33.75929916900003],[-106.92230774799998,33.759252625000045],[-106.92225167299995,33.752068820000034],[-106.93129296099994,33.752019253000071],[-106.93123178499997,33.744282954000028],[-106.93983245699997,33.74441932700006],[-106.93971599599996,33.729867467000076],[-106.94941447499997,33.72962878900006],[-106.94935620599995,33.722444990000042],[-106.95795473799996,33.722580127000072],[-106.95811648799997,33.715395096000066],[-106.97442580799998,33.715116386000034],[-106.97415600699998,33.709223263000069],[-106.99002618899999,33.709313334000058],[-106.98996458299996,33.702129574000026],[-106.99789860699997,33.702081796000073],[-106.99739543099997,33.694900738000058],[-107.00510808199999,33.694853841000054],[-107.00522082499998,33.682511175000059],[-106.98957543499995,33.682421509000051],[-106.98955019899995,33.679474379000055],[-106.97368661699994,33.67956829600007],[-106.97387794499997,33.676067170000067],[-106.93950059799994,33.675342741000065],[-106.93997089199996,33.679024262000041],[-106.93980613999997,33.686025236000035],[-106.93099249399995,33.686074124000072],[-106.93088700299995,33.700627164000025],[-106.92163081499996,33.700677831000064],[-106.92213350799994,33.70859611700007],[-106.91397844699998,33.708640221000053],[-106.91385874999997,33.721719732000054],[-106.90592137599998,33.721578012000066],[-106.89776545499996,33.721621058000039],[-106.89722295099995,33.737465908000047],[-106.88829170099996,33.737236041000074],[-106.88834559399999,33.744511947000035],[-106.88040610199994,33.744368640000062],[-106.88034913499996,33.751645110000027],[-106.87185864099996,33.751596106000079],[-106.87196639299998,33.766516521000028],[-106.86755559299996,33.766538669000056],[-106.86773275799999,33.791221655000072],[-106.85394204099998,33.791013573000043],[-106.85385570599999,33.794421905000036],[-106.84977364799994,33.794349753000063],[-106.84954517499995,33.809087451000039],[-106.83564174799994,33.808877890000076],[-106.83549084699996,33.851522630000034],[-106.83151638499999,33.85144937900003],[-106.83082987699999,33.870217384000057],[-106.83078003999998,33.907108017000041],[-106.83921600599996,33.907174086000055],[-106.83926304999994,33.916763798000034],[-106.83927031999997,33.918298593000031],[-106.82619790399997,33.918319582000038],[-106.82619358399995,33.943501368000057],[-106.82619155199995,33.955188080000028],[-106.83056321299995,33.955195378000042],[-106.83523876099997,33.955206901000054],[-106.83521475599997,33.962422184000047],[-106.84406194499996,33.962379801000054],[-106.84383420099999,33.984180236000043],[-106.85256244299995,33.984204444000056],[-106.85249755299998,34.000078110000061],[-106.85248095699995,34.005727905000072],[-106.85662430099995,34.005746703000057],[-106.85652588199997,34.056497970000066],[-106.86584895599998,34.056658048000031],[-106.86580238899995,34.107993948000058],[-106.87008717799995,34.107984099000078],[-106.87019545499999,34.12508147300008],[-106.87025520099996,34.151126633000047],[-106.87466438899997,34.151097735000064],[-106.87477027999995,34.18746231800003],[-106.87892883099994,34.187381990000063],[-106.87898355399994,34.194753222000031],[-106.88341899499994,34.194730402000062],[-106.88305219199998,34.219820427000059],[-106.88748925999994,34.219839378000074],[-106.88740230099995,34.250117758000044],[-106.88739657699995,34.252597476000062],[-106.86134080999994,34.252519607000067],[-106.86145464299995,34.260020351000037],[-106.85286307199999,34.260052934000043],[-106.85287906499997,34.275225094000064],[-106.83529836299999,34.275215185000036],[-106.83532921499994,34.302764411000055],[-106.84437094899994,34.302674847000048],[-106.84437865199999,34.317043536000028],[-106.83968982799996,34.317037676000041],[-106.83956794499994,34.328081257000065],[-106.84410471399997,34.328100523000046],[-106.84397604899999,34.335637057000042],[-106.83959445199997,34.335658233000061],[-106.83985396799994,34.346938987000044],[-106.83985221099999,34.353783778000036],[-106.83520313799994,34.353713347000053],[-106.83523285299998,34.360791529000039],[-106.81729213199998,34.360714546000054],[-106.81751054299997,34.376029828000071],[-106.80884648099999,34.376041889000078],[-106.80887399699998,34.383676200000025],[-106.80035144099998,34.383714825000027],[-106.80026028099996,34.39928943700005],[-106.79121839599998,34.399372032000031],[-106.79131549099998,34.414447383000038],[-106.78232175099998,34.41440235400006],[-106.78224948199994,34.43053705300008],[-106.77767980499999,34.430578509000043],[-106.77770380499999,34.434396959000026],[-106.77774854799998,34.449757567000063],[-106.76420188999998,34.449895308000066],[-106.76501920599998,34.533440360000043],[-106.75712440899997,34.533434598000042],[-106.75725220199996,34.536641160000045],[-106.75296105999996,34.536755084000049],[-106.75278738399999,34.550807367000061],[-106.75261764099997,34.561311075000049],[-106.74854126699995,34.561375850000047],[-106.74853733699996,34.56496459400006],[-106.74840098399994,34.579828291000069],[-106.74428225599996,34.579839875000062],[-106.74407503299994,34.591559243000063],[-106.74027383599997,34.591631591000066],[-106.74023381199999,34.595497640000076],[-106.73567102499999,34.595633685000053],[-106.73558001399999,34.60447866800007],[-106.74000111399994,34.604460993000032],[-106.74002605399994,34.608706305000055],[-106.74385958699997,34.608698761000028],[-106.74369702799999,34.620115659000078],[-106.73945573599997,34.62018701900007],[-106.73933744199996,34.623675868000078],[-106.73843696199998,34.642023289000065],[-106.73403301899998,34.642040848000079],[-106.73307804399997,34.681665390000035],[-106.72933432799999,34.68168017000005],[-106.72937443499995,34.688638802000071],[-106.72483159699999,34.688656585000047],[-106.72487934399999,34.692135806000067],[-106.72028129299997,34.692130993000035],[-106.72006956099995,34.699617841000077],[-106.71546556599998,34.699659556000029],[-106.71531036799996,34.710720369000057],[-106.71041358799994,34.710730040000044],[-106.71026978299994,34.725013616000069],[-106.70600892599998,34.724999414000024],[-106.70599289299997,34.72866777400003],[-106.70161744399996,34.728657640000051],[-106.70145414899997,34.750955478000037],[-106.70579042599996,34.750892971000042],[-106.70575619299996,34.754890759000034],[-106.71014883299995,34.754827885000054],[-106.71008142599999,34.757008502000076],[-106.69244070899998,34.757073873000024],[-106.69242941899995,34.761273563000032],[-106.68805278499997,34.761289387000033],[-106.68807230899995,34.764985048000028],[-106.68364502299994,34.764973446000056],[-106.68368290199999,34.77221540000005],[-106.67930132099997,34.77218526200005],[-106.67931089599995,34.779415632000052],[-106.67492968499994,34.779453673000035],[-106.67490169499996,34.78682260000005],[-106.67049140599994,34.786866080000038],[-106.67057105799995,34.81960295500005],[-106.66643208699998,34.819617190000031],[-106.66665115699999,34.876895846000025],[-106.65740680299996,34.87692717300007],[-106.65725593399998,34.898893341000075],[-106.66653766499996,34.898927477000029],[-106.66656366199999,34.90646679200006],[-106.66635559399998,34.942461086000037],[-106.66631057899997,34.949650232000067],[-106.65749759199997,34.949646457000028],[-106.65759911799995,34.956424019000053],[-106.65712107399997,34.95642562300003],[-106.65722295899997,34.971036452000078],[-106.65728369599998,35.000068924000061],[-106.65720861499994,35.015161111000054],[-106.64821621699997,35.014905519000024],[-106.64827994799998,35.022112109000034],[-106.63943770699996,35.022156934000066],[-106.63943961699994,35.029166219000047],[-106.63964098699995,35.09485907800007],[-106.63025521999998,35.094922534000034],[-106.63053152199996,35.12398227500006],[-106.62183576899997,35.124009264000051],[-106.62172227599996,35.130959744000052],[-106.62170273399994,35.134387099000037],[-106.62173870599997,35.145787528000028],[-106.61271594999994,35.14577709200006],[-106.61276723399999,35.160158612000032],[-106.61300818099994,35.174567336000052],[-106.60370272699998,35.17461893400008],[-106.60362204599994,35.188734951000072],[-106.59532725199995,35.188749956000038],[-106.59557422199998,35.20340350400005],[-106.58654658199998,35.203348591000065],[-106.58657728399999,35.217886670000041],[-106.57770459699998,35.217822045000048],[-106.57770386799996,35.217957366000064],[-106.57757237299995,35.239598336000029],[-106.56876785799994,35.239594368000041],[-106.56887531999996,35.250037936000069],[-106.56874788899995,35.268393053000068],[-106.56005811999995,35.268442779000054],[-106.56011917399996,35.275891946000058],[-106.55119878899995,35.275860905000059],[-106.55115325599996,35.286296212000025],[-106.54652917599998,35.286346789000049],[-106.54659662499995,35.290479632000029],[-106.54191903999998,35.290517140000077],[-106.54188919099994,35.297604523000075],[-106.53517116099994,35.297552877000044],[-106.53519209999996,35.31915370400003],[-106.52671345599998,35.319062788000053],[-106.52675838699997,35.33335917200003],[-106.52211710699999,35.333324704000063],[-106.52212120399997,35.337177453000038],[-106.51767681099994,35.337187374000052],[-106.51765642199996,35.34447728300006],[-106.51331718399996,35.344464173000063],[-106.51334587299999,35.347879978000037],[-106.50892424699998,35.347852411000076],[-106.50890051199997,35.351186260000077],[-106.50472924099995,35.351251089000073],[-106.50475928199995,35.35494370300006],[-106.50053860799994,35.354952525000044],[-106.50056202799999,35.362533588000076],[-106.49623776899995,35.362248848000036],[-106.49595569299998,35.369458921000046],[-106.47807690999997,35.369435603000056],[-106.47360676899996,35.369414064000068],[-106.47361654599996,35.372958706000077],[-106.47362378399998,35.376956664000033],[-106.47363490699996,35.380987610000034],[-106.46927196699994,35.380995606000056],[-106.46928386599996,35.385393342000043],[-106.46019906899994,35.385465098000054],[-106.45159850999994,35.385479755000063],[-106.45157518599996,35.392786123000064],[-106.44354008099998,35.39281025300005],[-106.44359287399999,35.407176241000059],[-106.43868176199999,35.407295616000056],[-106.43871572099994,35.421862499000042],[-106.43418854899994,35.421839953000074],[-106.43426560599994,35.427672420000079],[-106.43426821799994,35.436379233000025],[-106.41654768099994,35.43642385000004],[-106.41661890199998,35.443079225000076],[-106.39867267799997,35.443072104000066],[-106.39866259799999,35.450827927000034],[-106.39040215399996,35.450840234000054],[-106.39022799699995,35.472362832000044],[-106.38126827999997,35.472281225000074],[-106.38117908799995,35.486390304000054],[-106.37562698199997,35.486543201000075],[-106.37244236099997,35.486490837000076],[-106.37264939699998,35.500046649000069],[-106.37266582099994,35.501457458000061],[-106.35478846599995,35.501428975000067],[-106.35455727699997,35.508715099000028],[-106.34556629999997,35.508656973000029],[-106.34557516699999,35.516139683000063],[-106.33682414699996,35.51614629900007],[-106.33683165799994,35.523120390000031],[-106.34560198299994,35.523168351000038],[-106.34558889399995,35.537636458000065],[-106.33676711499999,35.53771695100005],[-106.33702759299996,35.552098640000054],[-106.33728396099997,35.566444223000076],[-106.32876114999999,35.56642879900005],[-106.32852284199998,35.602635612000029],[-106.31969048899998,35.602641043000062],[-106.31962828299999,35.609938228000033],[-106.31079544399995,35.609831052000061],[-106.31081199299996,35.631694637000066]]]},"properties":{"OBJECTID":9,"District":"Middle Rio Grande Conservancy District","Shape_Length":6.0520888201877092,"Shape_Area":0.11168624106774698}},{"type":"Feature","id":10,"geometry":{"type":"MultiPolygon","coordinates":[[[[-104.63320851399999,32.963734986000077],[-104.62890471899999,32.963745244000052],[-104.62892564999999,32.967376062000028],[-104.63322077499998,32.967363999000042],[-104.63752474599994,32.967353592000052],[-104.63751231199996,32.963725514000032],[-104.63320851399999,32.963734986000077]]],[[[-104.62464376699995,32.97101699600006],[-104.62463185899998,32.967388915000072],[-104.62247987099994,32.967393916000049],[-104.62249169099994,32.971021996000047],[-104.62464376699995,32.97101699600006]]],[[[-104.62464376699995,32.97101699600006],[-104.62465567799995,32.974645073000033],[-104.62896000399996,32.97463495900007],[-104.62895395999999,32.97282092100005],[-104.63325819699998,32.972810659000061],[-104.63325206599995,32.97099662100004],[-104.62894791699995,32.97100688300003],[-104.62464376699995,32.97101699600006]]],[[[-104.62905901099998,33.010963353000079],[-104.62907727099997,33.014594117000058],[-104.63123038299995,33.014584723000041],[-104.63122098599996,33.010953914000027],[-104.63337400899997,33.010944477000066],[-104.63336393399999,33.009123203000058],[-104.63768032999997,33.009104170000057],[-104.63766970599994,33.007290158000046],[-104.64198417399996,33.007270974000051],[-104.64196533299997,33.000011738000069],[-104.62903102999996,33.000062109000055],[-104.62903313599998,33.001883316000033],[-104.62687635699996,33.001888228000041],[-104.62688236399998,33.003702259000079],[-104.62473670399999,33.003707112000029],[-104.62258383499994,33.003712119000056],[-104.62259567699999,33.007340178000049],[-104.62474105999996,33.00733783700008],[-104.62903943099997,33.007328074000043],[-104.62905901099998,33.010963353000079]]],[[[-104.59501091299995,33.094629642000029],[-104.60366155999998,33.094634800000051],[-104.60362104499995,33.080075958000066],[-104.59495572899999,33.080075270000066],[-104.59501091299995,33.094629642000029]]],[[[-104.56922109799996,33.116860231000032],[-104.56933847299996,33.124107613000035],[-104.57365146399997,33.124068272000045],[-104.57361414499996,33.116822562000038],[-104.56922109799996,33.116860231000032]]],[[[-104.50701061599995,33.17559701600004],[-104.50702376599997,33.179236653000032],[-104.50918071299998,33.17921053200007],[-104.50916747399998,33.17557088600006],[-104.50701061599995,33.17559701600004]]],[[[-104.59533712399997,33.178315514000076],[-104.60399104399994,33.178374656000074],[-104.60399055899995,33.180188644000054],[-104.60831593199998,33.180217986000059],[-104.60831765999995,33.178403999000068],[-104.60831199399996,33.176590017000024],[-104.60399152899998,33.176560667000047],[-104.59533479299995,33.176501526000038],[-104.59533712399997,33.178315514000076]]],[[[-104.55918809199994,33.255079862000059],[-104.55919160499997,33.262394996000069],[-104.56821828099999,33.26242211400006],[-104.56803315299999,33.25507570700006],[-104.56361105799999,33.255077863000054],[-104.56358782199999,33.253263998000079],[-104.55918735899996,33.253265891000069],[-104.55918809199994,33.255079862000059]]],[[[-104.63949202999999,33.304436665000026],[-104.64391679799996,33.304434728000047],[-104.64390448199998,33.302620810000064],[-104.64833082899997,33.302618729000073],[-104.65265118499997,33.302607703000035],[-104.65263796599999,33.298979827000039],[-104.65711519899997,33.299000376000038],[-104.65701524699995,33.291688315000044],[-104.64823108099995,33.291686352000056],[-104.64822158799996,33.288033269000039],[-104.64381793299998,33.288035407000052],[-104.64380559299997,33.284380057000078],[-104.63940042099995,33.284384288000069],[-104.63940804999999,33.286219062000043],[-104.63724949199997,33.286224358000027],[-104.63725578099996,33.288038304000054],[-104.63060964599998,33.288040884000054],[-104.63063050999995,33.291689488000031],[-104.62592887599999,33.291688648000047],[-104.62592573799998,33.290748601000075],[-104.62160595599994,33.290758694000033],[-104.62160297399998,33.289851721000048],[-104.61728323299997,33.289861665000046],[-104.61296349099996,33.28987145800005],[-104.61296285699996,33.291685413000039],[-104.61294792899997,33.299014004000071],[-104.63063197699995,33.298982059000025],[-104.63063501899995,33.300796007000031],[-104.63505699999996,33.300796634000051],[-104.63506215599995,33.302624495000032],[-104.63948331399996,33.302622731000042],[-104.63949202999999,33.304436665000026]],[[-104.64830246499997,33.298983640000074],[-104.64387978899998,33.298983479000071],[-104.64385502899995,33.295335991000059],[-104.64826744399994,33.295334998000044],[-104.64830246499997,33.298983640000074]]],[[[-104.57273815599996,33.295451850000063],[-104.57274010199995,33.297173061000024],[-104.56829152099999,33.297176809000064],[-104.56840776299998,33.306268253000042],[-104.57709292499999,33.306212392000077],[-104.57715870699997,33.29898322400004],[-104.57720310199994,33.295348381000053],[-104.57273815599996,33.295451850000063]]],[[[-104.59746407899996,33.309894911000072],[-104.59962444499996,33.309899976000054],[-104.59962168799996,33.308993004000058],[-104.59746134399995,33.30898793800003],[-104.59746407899996,33.309894911000072]]],[[[-104.58664885999997,33.339216071000067],[-104.59328903999995,33.339221210000062],[-104.59329442899997,33.341035147000071],[-104.59549248799999,33.341036404000079],[-104.59553524599994,33.342894135000051],[-104.60874981399996,33.34288228500003],[-104.60866262499997,33.335566980000067],[-104.61525484299995,33.335567411000056],[-104.61523063799996,33.331909808000034],[-104.61749404199998,33.331909869000071],[-104.61747241799998,33.32824888600004],[-104.61304562699996,33.328247593000071],[-104.61302151099994,33.324589982000077],[-104.62188013099995,33.324594680000075],[-104.62186101399999,33.320937082000057],[-104.63072463599997,33.320941162000054],[-104.63066488899995,33.309959326000069],[-104.62202343099995,33.309979703000067],[-104.62204734699998,33.317235462000042],[-104.60816585399999,33.317247377000058],[-104.60814280199997,33.30990022900005],[-104.60382206899999,33.309909709000067],[-104.60383327099998,33.313537595000071],[-104.59519144199999,33.313556109000046],[-104.59520134399997,33.317222699000069],[-104.58857731499995,33.317269293000038],[-104.58858260199997,33.31908323600004],[-104.59074319799998,33.319078779000051],[-104.59075528299996,33.325472314000024],[-104.59525877499999,33.325462901000037],[-104.59524934999996,33.32455596300008],[-104.59957080899994,33.32454677700008],[-104.59957632499999,33.326360717000057],[-104.59525477599999,33.326369903000057],[-104.59532690599997,33.33188931400008],[-104.58762297599998,33.331887362000032],[-104.58766142499996,33.335549523000054],[-104.58644084399998,33.335549171000025],[-104.58664885999997,33.339216071000067]]],[[[-104.56835973799997,33.368409800000052],[-104.57739503299996,33.36842282200007],[-104.57734881999994,33.372071143000028],[-104.58183828399996,33.372079572000075],[-104.58193301699998,33.364780671000062],[-104.57744124299995,33.364774497000042],[-104.56839455299996,33.364761439000063],[-104.56835973799997,33.368409800000052]]],[[[-104.58632773999994,33.372087837000038],[-104.59065154999996,33.372078950000059],[-104.59064083899995,33.368440563000036],[-104.59535517599994,33.368446535000032],[-104.59540568299997,33.364793703000032],[-104.58642344899994,33.364786679000076],[-104.58632773999994,33.372087837000038]]],[[[-104.58183828399996,33.372079572000075],[-104.58181473999997,33.373893397000074],[-104.58630395999995,33.373901660000058],[-104.58632773999994,33.372087837000038],[-104.58183828399996,33.372079572000075]]],[[[-104.56835973799997,33.368409800000052],[-104.56384259299995,33.368403043000058],[-104.56387188499997,33.364754667000057],[-104.55934854999998,33.36474772400004],[-104.55930180399997,33.372049022000056],[-104.56165139999996,33.372052051000026],[-104.56163655799998,33.373890451000079],[-104.55929002899995,33.373888013000055],[-104.55920826899995,33.386656099000049],[-104.56370068799998,33.386659586000064],[-104.56371427499994,33.384820589000071],[-104.56820912299997,33.384823902000051],[-104.56822442899994,33.383010015000025],[-104.57060101999997,33.383011706000048],[-104.57060829599999,33.386664631000031],[-104.57721435399998,33.386669097000038],[-104.58166623699998,33.386684173000049],[-104.58174356899997,33.379376210000032],[-104.57725644299995,33.37936327500006],[-104.57275583899997,33.379361405000054],[-104.56825523699996,33.379359372000067],[-104.56835973799997,33.368409800000052]]],[[[-104.60419955299994,33.379388912000024],[-104.59520625899995,33.379414048000058],[-104.59515621899999,33.386728880000078],[-104.60410859199999,33.386657433000039],[-104.60415416999996,33.383015474000047],[-104.60637296999994,33.383010613000067],[-104.60636163199996,33.379382768000028],[-104.60419955299994,33.379388912000024]]],[[[-104.56813188599995,33.393975365000074],[-104.57261708799996,33.393981864000068],[-104.57265191699997,33.390312139000059],[-104.56816281199997,33.39031125200006],[-104.56813188599995,33.393975365000074]]],[[[-104.62163540899996,33.402952886000037],[-104.62166558399997,33.408279390000075],[-104.63045532999996,33.408134494000024],[-104.63050618499994,33.404698135000046],[-104.63053304999994,33.402884356000072],[-104.62163540899996,33.402952886000037]]],[[[-104.62654752399999,33.415517677000025],[-104.62655345399997,33.417282347000025],[-104.63087948899994,33.417272046000051],[-104.63079534599996,33.415459503000079],[-104.62654752399999,33.415517677000025]]],[[[-104.61299808699994,33.419342379000057],[-104.61086503999996,33.419358988000056],[-104.61087658199995,33.422986808000076],[-104.62661217299996,33.422834115000057],[-104.62659997599997,33.419206300000042],[-104.62198162499999,33.419217131000039],[-104.62187656499998,33.415581478000036],[-104.61295777499998,33.415702811000074],[-104.61299808699994,33.419342379000057]]],[[[-104.59503093899997,33.444982034000077],[-104.59502907099994,33.441333586000042],[-104.59953864699997,33.441323419000071],[-104.59953948699996,33.439482132000023],[-104.60404981999994,33.439469553000038],[-104.60405206099995,33.437655641000049],[-104.59954031399997,33.437668218000056],[-104.59952748899997,33.430361128000072],[-104.59501677899999,33.430379187000028],[-104.59500433699998,33.421258637000051],[-104.59942463899995,33.421229840000024],[-104.59932424199997,33.415789643000039],[-104.59033129399995,33.415833160000034],[-104.59032060799996,33.412205330000063],[-104.58599480999999,33.412214215000063],[-104.58601687699996,33.408603079000045],[-104.57704331199994,33.408654005000074],[-104.57698105599997,33.42675624900005],[-104.58130757799995,33.426747675000058],[-104.58129726399994,33.423119848000056],[-104.58599380199996,33.423093099000027],[-104.58599805899996,33.428575592000072],[-104.58133875399994,33.428584995000051],[-104.58136953099995,33.430398729000046],[-104.57698083199995,33.430404693000071],[-104.57698304499996,33.437706096000056],[-104.58149342099995,33.437698845000057],[-104.58150138999997,33.444998007000038],[-104.58601146099994,33.444992846000048],[-104.58600830199998,33.441344395000044],[-104.59051918199998,33.441339072000062],[-104.59052151999998,33.444987523000066],[-104.59503093899997,33.444982034000077]]],[[[-104.59503093899997,33.444982034000077],[-104.59503278299997,33.448634990000073],[-104.61304290899994,33.448611312000025],[-104.61305379999999,33.444949372000053],[-104.61306466799999,33.441291940000042],[-104.60404754499996,33.441313090000051],[-104.60404303399997,33.444966029000057],[-104.59503093899997,33.444982034000077]]],[[[-104.61293920899999,33.466794550000031],[-104.62203547299998,33.466813596000065],[-104.62205544799997,33.455940499000064],[-104.61300915599998,33.45590358000004],[-104.61293920899999,33.466794550000031]]],[[[-104.59501068099996,33.463219636000076],[-104.59500177699999,33.466868035000061],[-104.60397050299997,33.466829362000055],[-104.60398637699996,33.46319225600007],[-104.59949852299997,33.463206027000069],[-104.59952193599997,33.455925024000067],[-104.59502709499998,33.455931845000066],[-104.59501821699996,33.459575739000059],[-104.59501068099996,33.463219636000076]]],[[[-104.53024942599995,33.513366397000027],[-104.53026047199995,33.516994176000026],[-104.53246242899996,33.516981881000049],[-104.53243861599998,33.515168094000046],[-104.53460403699995,33.515155967000055],[-104.53457972999996,33.513342187000035],[-104.53024942599995,33.513366397000027]]],[[[-104.52374966799994,33.513402451000047],[-104.52376889999994,33.518837680000047],[-104.52810047699995,33.518818180000039],[-104.52808404799998,33.513378446000047],[-104.52374966799994,33.513402451000047]]],[[[-104.55042829699994,33.522049020000054],[-104.55498266699999,33.52192567000003],[-104.55496110999997,33.518245673000024],[-104.56159468499999,33.518102644000066],[-104.56158039599995,33.512660975000074],[-104.55941499599999,33.512664946000029],[-104.55940221099996,33.507068501000049],[-104.56820861899996,33.507034067000063],[-104.56823532599998,33.50154939600003],[-104.57706359399998,33.501532344000054],[-104.57705851599997,33.481424344000061],[-104.56376158199998,33.481418842000039],[-104.56383207299996,33.49607134300004],[-104.55937059599995,33.496082816000069],[-104.55916150999997,33.393957371000056],[-104.55962899899998,33.320930741000041],[-104.52276494799997,33.320844345000069],[-104.52220433299999,33.306185061000065],[-104.49068289899998,33.306069003000061],[-104.49165462099995,33.241279077000058],[-104.49184032099998,33.212172371000065],[-104.49170705399996,33.153942960000052],[-104.49128941699996,33.066391721000059],[-104.49101107499996,33.022579275000055],[-104.50830556799997,33.022450057000071],[-104.50825523399999,33.007882084000073],[-104.52556258099997,33.007831556000042],[-104.52536150199995,32.978685880000057],[-104.57718131299998,32.978420310000047],[-104.57711026199996,32.963877406000051],[-104.58518813699999,32.963846649000061],[-104.58520086599998,32.961412408000058],[-104.58521094899999,32.958964468000033],[-104.58522657599997,32.955333830000029],[-104.58524151399996,32.951705446000062],[-104.58525711799996,32.948077058000024],[-104.58526471199997,32.944446390000053],[-104.58527228999998,32.940817972000048],[-104.58527185299994,32.937187271000028],[-104.58527209199997,32.933554316000027],[-104.58527230099997,32.929928123000025],[-104.58528724699994,32.926295210000035],[-104.58530284699998,32.922664556000029],[-104.58531041099997,32.919036126000037],[-104.58532533399995,32.915405465000049],[-104.58099930199995,32.91542712200004],[-104.57666592699996,32.915446350000025],[-104.57233988399997,32.915469959000063],[-104.56800648599994,32.915493394000066],[-104.56368831899994,32.915546050000046],[-104.55936948999994,32.915596301000051],[-104.55504394699994,32.915650886000037],[-104.55072512599997,32.915698583000051],[-104.54639971799998,32.915725808000047],[-104.54208098999999,32.915752909000048],[-104.53775491399995,32.915779832000055],[-104.53342950399997,32.91580661100005],[-104.53340646799995,32.91217130900003],[-104.53338345499998,32.908531499000048],[-104.53336042899997,32.904893942000058],[-104.53333739299995,32.901258632000065],[-104.53331504799996,32.897618818000069],[-104.53329203399994,32.893978999000069],[-104.53330710799997,32.890339321000056],[-104.53331484199998,32.886697355000024],[-104.53332991099995,32.883057672000064],[-104.53333763599994,32.879415701000028],[-104.53335272299995,32.875771501000031],[-104.53336043399997,32.872131785000079],[-104.53337613399998,32.86849660300004],[-104.53338379299998,32.864865903000066],[-104.53339144499995,32.861235200000067],[-104.53340645799994,32.857602265000025],[-104.52912617399994,32.857588485000065],[-104.52484589999995,32.857572302000051],[-104.52056561799998,32.857558229000063],[-104.51627800599999,32.857541726000079],[-104.51627055699998,32.853868118000037],[-104.51626308199997,32.850199014000054],[-104.51626272999994,32.846570529000076],[-104.51627036599996,32.842946587000029],[-104.51626270099996,32.839311304000034],[-104.51625568199995,32.835680535000051],[-104.51625533399999,32.832049789000052],[-104.51624766699996,32.828414501000054],[-104.51196744199996,32.828402395000069],[-104.50769523199995,32.828390177000074],[-104.50345323599998,32.828348614000049],[-104.49921856799995,32.828311447000033],[-104.49921885999998,32.824689722000073],[-104.49921847199994,32.821070250000048],[-104.49922609299995,32.817450804000032],[-104.49922636599996,32.813831331000074],[-104.49923400599994,32.810207372000036],[-104.49923432899999,32.806578872000046],[-104.49924196199999,32.80295490900005],[-104.49924959599997,32.799330946000055],[-104.49922648399996,32.795713621000061],[-104.49921134599998,32.792103088000033],[-104.49919623899996,32.788485794000053],[-104.49918044199995,32.78487300200004],[-104.49911220099995,32.781210386000055],[-104.49903600399995,32.777538717000027],[-104.49899775899996,32.773882980000053],[-104.49895950599995,32.770229499000038],[-104.49893652399999,32.766589607000071],[-104.49891355099999,32.762947457000053],[-104.49889860099995,32.759303081000041],[-104.49887560699995,32.75566543900004],[-104.49885262199996,32.752025540000034],[-104.49882963999994,32.748385639000048],[-104.49880729799997,32.744750243000055],[-104.49878430199999,32.741112593000025],[-104.49877662099999,32.737479513000039],[-104.49876892699996,32.73384868100004],[-104.49876125999998,32.730213343000059],[-104.49875356299998,32.726582508000035],[-104.49874585199996,32.72295392500007],[-104.49873813999994,32.719325344000026],[-104.49873041399997,32.715699017000077],[-104.49872270299994,32.712070427000072],[-104.49873820099998,32.708464486000025],[-104.49875301199995,32.704860790000055],[-104.49876850499999,32.701254845000051],[-104.49879131599994,32.697651175000033],[-104.50304072199998,32.697643278000044],[-104.50729812999998,32.697635266000077],[-104.51155554299999,32.697627113000067],[-104.51581294199997,32.697621064000032],[-104.51575903399998,32.693897571000036],[-104.51570597599999,32.690264282000044],[-104.51566763499994,32.686622028000045],[-104.51562929499994,32.682979775000035],[-104.51562167199995,32.679328612000063],[-104.51560671399994,32.675677422000035],[-104.51559908299998,32.672026260000052],[-104.51559147099994,32.668372840000075],[-104.51559120999997,32.664714933000027],[-104.51558361199994,32.661056998000049],[-104.51558336399995,32.657396834000053],[-104.51557576199997,32.653738892000035],[-104.51556079899996,32.650087688000042],[-104.51554515099997,32.64643873600005],[-104.51553018499999,32.642787527000053],[-104.51551455199996,32.639136312000062],[-104.51981030799999,32.639164089000076],[-104.52411342899995,32.639187243000038],[-104.52841587299997,32.639212498000063],[-104.53285623899995,32.639240371000028],[-104.53287170699997,32.635623099000043],[-104.53288717299995,32.632005822000053],[-104.53287947399997,32.628356886000063],[-104.53287179199998,32.624705693000067],[-104.53286410899995,32.621054496000056],[-104.53285642099996,32.617403295000031],[-104.53284872599994,32.613754353000047],[-104.53284103699997,32.610103149000054],[-104.53286394799994,32.606458825000061],[-104.53288682499999,32.602821261000031],[-104.53290174099999,32.599176903000057],[-104.53292463299994,32.595534825000072],[-104.53294751399994,32.591895004000037],[-104.53296307099998,32.58825289300006],[-104.53297068499995,32.584601731000078],[-104.53297826999994,32.580955080000024],[-104.52861396699996,32.580938785000058],[-104.52421167699998,32.580928960000051],[-104.51980939899994,32.580916726000055],[-104.51540713899999,32.580902083000069],[-104.51543004899997,32.577262260000055],[-104.51546094099996,32.57362246200006],[-104.51548383099998,32.569984889000068],[-104.51550672499997,32.566345057000035],[-104.51549894399994,32.562714128000039],[-104.51549117199994,32.559080940000058],[-104.51548339199996,32.555450005000068],[-104.51547560399996,32.551819068000043],[-104.51120319399996,32.551813806000041],[-104.50692278999998,32.551810624000041],[-104.50256643599994,32.551818271000059],[-104.49821005699994,32.551830276000032],[-104.49391428099995,32.551837865000039],[-104.48962649599997,32.551845340000057],[-104.48537681399995,32.551708489000077],[-104.48112711799996,32.551576007000051],[-104.47683123199994,32.551605563000066],[-104.47254333099994,32.551635007000073],[-104.46825541799996,32.551666561000047],[-104.46396017899997,32.55169793400006],[-104.45971060199997,32.551663960000042],[-104.45546036199994,32.551629834000039],[-104.45116478899996,32.551606645000049],[-104.44687718799997,32.551587855000037],[-104.44263473899997,32.551587162000033],[-104.43839296099998,32.551586326000063],[-104.43415050499999,32.551587602000041],[-104.42990870399996,32.551590992000058],[-104.42989915399994,32.555219583000053],[-104.42988986199998,32.558845918000031],[-104.42987811399996,32.562474482000027],[-104.42986916999996,32.566099842000028],[-104.42561320599998,32.566093694000074],[-104.42136353199999,32.566088541000056],[-104.41707563799997,32.566102346000037],[-104.41279578699994,32.566118273000029],[-104.41280438599995,32.569756852000069],[-104.41281629699995,32.573392309000042],[-104.41282481399998,32.577027724000061],[-104.41283344499999,32.580663138000034],[-104.40852255599998,32.58063652800007],[-104.40421166899995,32.580609778000053],[-104.39990078499994,32.580583624000042],[-104.39559037599997,32.580612702000053],[-104.39556636599997,32.584196324000061],[-104.39553973199997,32.587831534000031],[-104.39553075699996,32.591484922000063],[-104.39552197799998,32.595142821000024],[-104.39123363299996,32.59512850200008],[-104.38693863899999,32.595113257000037],[-104.38265029899998,32.595098647000043],[-104.37835463799996,32.595083857000077],[-104.37835110899994,32.598757551000062],[-104.37834980499997,32.602429019000056],[-104.37834100799995,32.606215398000074],[-104.37833217299999,32.609812344000034],[-104.37831586999994,32.613409274000048],[-104.37829692299994,32.617001672000072],[-104.37828038899994,32.620598597000026],[-104.37826406099998,32.624197779000042],[-104.37393801499996,32.624139467000077],[-104.36961198899996,32.624084671000048],[-104.36532370499998,32.624061618000042],[-104.36102045999996,32.624063862000071],[-104.36099751899997,32.627667509000048],[-104.36096725799996,32.631268861000024],[-104.36093685299994,32.634890505000044],[-104.36091381699998,32.638505421000048],[-104.36090673399997,32.642124926000065],[-104.36090628599999,32.645748974000071],[-104.36090651299997,32.649370766000061],[-104.36090675299994,32.652990302000035],[-104.35658796499996,32.653021416000058],[-104.35227606899997,32.653051196000035],[-104.35229883799997,32.656721840000046],[-104.34797995999998,32.656744260000039],[-104.34800172199999,32.660408423000035],[-104.34367990999999,32.660425128000043],[-104.34370104699997,32.664082587000053],[-104.34371847199998,32.667734321000069],[-104.33944428899997,32.66773783800005],[-104.33516309299995,32.667742321000048],[-104.33527024999995,32.675060858000052],[-104.33957672899999,32.675068737000061],[-104.33971210499999,32.682394575000046],[-104.34404544899996,32.682427778000033],[-104.34406095299994,32.686051878000058],[-104.34407579099997,32.689675978000025],[-104.34409125999997,32.693304584000032],[-104.34410682599997,32.696919660000049],[-104.34412951299998,32.700564087000032],[-104.34415291399995,32.704201752000074],[-104.34416062399998,32.707796484000028],[-104.34417571699998,32.711384484000064],[-104.34418367899997,32.715035594000028],[-104.34419894199999,32.718691247000038],[-104.34420632899997,32.72232881900004],[-104.34422167099996,32.725973192000026],[-104.33991115099997,32.725950571000055],[-104.33560797599995,32.725927841000043],[-104.33129683599998,32.72590041400008],[-104.32699366599996,32.725877388000072],[-104.32700888999995,32.729533031000074],[-104.32703209299996,32.733190971000056],[-104.32704733099996,32.736844355000073],[-104.32707053599995,32.740502293000077],[-104.32258442699998,32.740496170000029],[-104.31818972499997,32.74048812500007],[-104.31379502799996,32.740479930000049],[-104.30940766999998,32.74047162100004],[-104.30931630999999,32.744099606000077],[-104.30923227399995,32.747727625000039],[-104.30914823099994,32.751355647000025],[-104.30906487899995,32.754979157000037],[-104.30904948299997,32.758614317000024],[-104.30903408199998,32.762249473000054],[-104.30902665099995,32.76588918300007],[-104.30901124599995,32.769524335000028],[-104.30904942799998,32.773132721000025],[-104.30908757399999,32.776745614000049],[-104.30912575699995,32.780353996000031],[-104.30917083999998,32.784123555000065],[-104.30909484699998,32.787634340000068],[-104.30901898499997,32.791142856000079],[-104.30894242799997,32.794655883000075],[-104.30886670099994,32.798164402000054],[-104.30888887299994,32.801759152000045],[-104.30891969199996,32.805351696000059],[-104.30894267599996,32.808946441000046],[-104.30896584599998,32.812538929000027],[-104.30901889799998,32.816169930000058],[-104.30906493899994,32.819803140000033],[-104.30911034399998,32.823434086000077],[-104.30916351499997,32.827065077000043],[-104.30920239999995,32.830689216000053],[-104.30924768299997,32.834313395000038],[-104.30928577599997,32.837939782000035],[-104.30932429199999,32.841563916000041],[-104.30933962399996,32.845379600000058],[-104.30934750299997,32.849197501000049],[-104.30935474199998,32.853013132000058],[-104.30936962199996,32.856831070000055],[-104.30935490599995,32.860569906000023],[-104.30934002799995,32.864306484000053],[-104.30933240099995,32.868040848000078],[-104.30932429899997,32.871822562000034],[-104.31369622799997,32.87183084000003],[-104.31807536399998,32.871836750000057],[-104.32244714199999,32.87184472000007],[-104.32638434699999,32.871852451000052],[-104.32639941099995,32.875469678000059],[-104.32641488799999,32.879084644000045],[-104.32643751799998,32.882701907000069],[-104.32645295699996,32.886321379000037],[-104.32646821699996,32.889956638000058],[-104.32648347699995,32.893591891000028],[-104.32649873099996,32.897227144000055],[-104.32651386899994,32.900862395000047],[-104.32651395899995,32.904486285000075],[-104.32651394499999,32.908107917000052],[-104.32651415899994,32.911794945000054],[-104.32652224499998,32.915484273000061],[-104.32652976599996,32.919169083000043],[-104.32653718999995,32.922858399000063],[-104.32653746699998,32.926543165000055],[-104.32654488799994,32.93023247800005],[-104.32655232399998,32.93391953500003],[-104.32655245999996,32.93760654700003],[-104.32654530299999,32.941203317000031],[-104.32653743199995,32.944800082000029],[-104.32652955699996,32.948396846000037],[-104.32652233199997,32.951993610000045],[-104.32651447099994,32.955588114000079],[-104.32650723899997,32.959184871000048],[-104.32650274499997,32.961218770000073],[-104.32649168799998,32.964572089000058],[-104.31833507699997,32.964571810000052],[-104.31831380099999,32.979184549000024],[-104.30964736799996,32.979249698000046],[-104.30964630899996,32.993826417000037],[-104.27492496199994,32.994297102000075],[-104.27515544499994,33.008663084000034],[-104.26657419199995,33.008599429000071],[-104.26675461399998,33.052140662000056],[-104.24951879599996,33.052250143000037],[-104.24964068699995,33.081457850000049],[-104.26687017599994,33.081343846000038],[-104.26732981199996,33.153989164000052],[-104.24142278099998,33.153996505000066],[-104.24157145399994,33.197626678000063],[-104.25890952999998,33.197510067000053],[-104.25885793899994,33.212239215000068],[-104.31927892899995,33.21215129400008],[-104.31909565999996,33.241370202000041],[-104.31963640499998,33.285006143000032],[-104.31976923799999,33.299551091000069],[-104.31966496299998,33.31402255200004],[-104.32015330099995,33.394637749000026],[-104.38143003099998,33.394565750000027],[-104.38100209899994,33.409238436000066],[-104.38149907899998,33.423902166000062],[-104.38077433199999,33.438492127000075],[-104.38167121499998,33.467692663000037],[-104.38070464199996,33.482306484000048],[-104.44974705299995,33.483368969000026],[-104.44970402099995,33.512086640000064],[-104.46740201699998,33.511510017000035],[-104.48892410599996,33.51173588100005],[-104.48887578799997,33.515376131000039],[-104.49327989199998,33.515350239000043],[-104.49329428799996,33.511723747000076],[-104.54583430099996,33.511195435000047],[-104.54586204899999,33.51851479000004],[-104.55041227099997,33.518378062000068],[-104.55042829699994,33.522049020000054]]],[[[-104.48438367299997,33.530021891000047],[-104.48454629799994,33.533697953000058],[-104.48470761799996,33.537369498000032],[-104.48691587199994,33.537317176000045],[-104.48679859999999,33.533652119000067],[-104.48896389299995,33.533608018000052],[-104.48884667799996,33.529946798000026],[-104.49114464599995,33.529908071000079],[-104.49125302299996,33.535399651000034],[-104.49781391699997,33.535244206000073],[-104.49780016199998,33.533427652000057],[-104.49888280299996,33.53340551000008],[-104.49882791099998,33.526151730000038],[-104.49774518899994,33.52616684700007],[-104.49323805599994,33.526225171000078],[-104.48422237599999,33.526350341000068],[-104.48438367299997,33.530021891000047]]],[[[-104.47399881499996,33.540804108000032],[-104.47400175299998,33.542617999000072],[-104.47616790899997,33.542615520000027],[-104.47616492599997,33.540801629000043],[-104.47599975499998,33.533495360000074],[-104.47816481799998,33.533546738000041],[-104.47799951499996,33.526223928000036],[-104.47583440399995,33.526179873000046],[-104.47366929599997,33.526135779000072],[-104.47399881499996,33.540804108000032]]],[[[-104.51512896099996,33.547899498000049],[-104.51512001099996,33.551553425000066],[-104.51944704899995,33.551556772000026],[-104.51945378899995,33.547903963000067],[-104.51512896099996,33.547899498000049]]],[[[-104.48033889799996,33.553531809000049],[-104.48246033999999,33.553574094000055],[-104.48253028399995,33.551761150000061],[-104.48473913799995,33.551805071000047],[-104.48478197499998,33.548215559000027],[-104.48482612399994,33.544630558000051],[-104.47610609499998,33.544413622000036],[-104.47604733399999,33.548021106000078],[-104.47598852999994,33.551630841000076],[-104.48036450899997,33.551718046000076],[-104.48033889799996,33.553531809000049]]],[[[-104.51512896099996,33.547899498000049],[-104.51514686399997,33.54059051400003],[-104.51082644599995,33.540587045000052],[-104.50650470799997,33.540578912000058],[-104.50646563099997,33.551546276000067],[-104.50645259899994,33.555203562000031],[-104.51078182399999,33.555207222000035],[-104.51079298699995,33.551549926000064],[-104.51080414199998,33.547894881000047],[-104.51512896099996,33.547899498000049]]],[[[-104.49345299199996,33.549860242000079],[-104.49343836799994,33.551674089000073],[-104.48908909099998,33.551739651000048],[-104.48905273699995,33.555344973000047],[-104.49340917599994,33.555295211000043],[-104.49342379899997,33.553481365000039],[-104.50213109999999,33.553385874000071],[-104.50214600999999,33.549728597000069],[-104.49345299199996,33.549860242000079]]],[[[-104.46717185599999,33.558720761000075],[-104.47593756599997,33.55885057900008],[-104.47810412699994,33.558848065000063],[-104.47809807599998,33.555220293000048],[-104.47592972299998,33.555240573000049],[-104.46716453499994,33.555085950000034],[-104.46717185599999,33.558720761000075]]],[[[-104.53245092399999,33.566195358000073],[-104.53678470099999,33.56623421200004],[-104.54111817899997,33.566227014000049],[-104.54110080299995,33.558971502000077],[-104.53674253099996,33.558991526000057],[-104.53241818599997,33.558952709000039],[-104.53245092399999,33.566195358000073]]],[[[-104.47156878699997,33.566028313000061],[-104.47378647599999,33.566049724000038],[-104.47378944999997,33.567886965000071],[-104.47595623799998,33.567884487000072],[-104.47595325699996,33.56607060400006],[-104.47594541099994,33.562460591000047],[-104.47156156299997,33.562405900000044],[-104.47156878699997,33.566028313000061]]],[[[-104.51083242999994,33.576959111000065],[-104.51077316399994,33.569651630000067],[-104.50643249199999,33.56963889900004],[-104.50644697299998,33.576894414000037],[-104.51083242999994,33.576959111000065]]],[[[-104.51950046999997,33.576946376000024],[-104.52817565799995,33.577002317000051],[-104.52815332199998,33.573379160000059],[-104.53247529899994,33.573372281000047],[-104.53246696999997,33.569744529000047],[-104.52813056599996,33.569687479000038],[-104.52811836899997,33.566156362000072],[-104.52378380299996,33.56611719600005],[-104.52378743099996,33.567863739000074],[-104.51945306499994,33.567853722000052],[-104.51945187099994,33.569667604000074],[-104.51950046999997,33.576946376000024]]],[[[-104.47614288499994,33.576961265000079],[-104.47180885699998,33.576966189000075],[-104.47181754699994,33.582407828000044],[-104.47615184799997,33.582402902000069],[-104.47614886099996,33.580589024000062],[-104.48480153599996,33.58057588500003],[-104.48472266399995,33.566154729000061],[-104.48033807099995,33.566112745000055],[-104.48034615699999,33.569690057000059],[-104.47606117299995,33.569676421000054],[-104.47614288499994,33.576961265000079]]],[[[-104.44542397799995,33.575558833000059],[-104.44542632199995,33.577372715000024],[-104.44542866799998,33.579186598000035],[-104.44109452199996,33.57919044700003],[-104.44109903199995,33.582818210000028],[-104.44543335799995,33.582814361000032],[-104.44543101299996,33.581000480000057],[-104.44759812999996,33.580998497000053],[-104.44759334999998,33.577370733000066],[-104.44976037699996,33.577368714000045],[-104.44975794099997,33.57555483200008],[-104.44542397799995,33.575558833000059]]],[[[-104.51075594299999,33.59874327600005],[-104.51073118499994,33.609716762000062],[-104.51940250199999,33.609704024000052],[-104.52808548599995,33.609674339000037],[-104.53242113799996,33.609667438000031],[-104.53241279999997,33.606039706000047],[-104.53240446399997,33.602411972000027],[-104.52807333499999,33.602421284000059],[-104.52373868299998,33.602428253000028],[-104.52376214799995,33.598780523000073],[-104.52374620499995,33.591525041000068],[-104.51948987299994,33.591507985000078],[-104.51514820099999,33.59147751200004],[-104.51509263699995,33.598764868000046],[-104.51075594299999,33.59874327600005]],[[-104.51941994599997,33.602425547000053],[-104.52373804499996,33.602428032000034],[-104.52374601899999,33.606055767000043],[-104.51941055099996,33.606064784000068],[-104.51941994599997,33.602425547000053]]],[[[-104.55934218099998,33.620730088000073],[-104.55526822399997,33.620760591000078],[-104.55530219799999,33.624381947000074],[-104.55932911299999,33.624360295000031],[-104.56366549199998,33.624352295000051],[-104.56365583899998,33.620724580000058],[-104.55934218099998,33.620730088000073]]],[[[-104.54137869899995,33.613336587000049],[-104.54598556799999,33.613371631000064],[-104.54609676699994,33.617096996000043],[-104.54620931999995,33.620822364000048],[-104.54631808099998,33.624473364000039],[-104.54747835199998,33.624432071000058],[-104.55080895499998,33.624410794000028],[-104.55083596099996,33.620792828000049],[-104.55056501799999,33.61710008700004],[-104.55065666499996,33.613407000000052],[-104.55057771699995,33.609749134000026],[-104.54597507899996,33.609714278000069],[-104.54137242199994,33.609683759000063],[-104.54137869899995,33.613336587000049]]],[[[-104.51083242999994,33.576959111000065],[-104.51085875999996,33.584237449000057],[-104.50217041999997,33.584162203000062],[-104.50217052999994,33.584079751000047],[-104.48469364299996,33.584197694000068],[-104.48470854899995,33.595065973000032],[-104.48037361699994,33.595071200000064],[-104.48034467099995,33.59872083700003],[-104.47597535899996,33.598754292000024],[-104.47160738399998,33.598789855000064],[-104.47159325899997,33.602433571000063],[-104.46722906299999,33.602493438000067],[-104.46720227599997,33.613413717000071],[-104.46727416499999,33.617062302000079],[-104.46734605799998,33.620710884000061],[-104.46741795499997,33.624359464000065],[-104.46749120299995,33.628008049000073],[-104.47187022599996,33.627950136000038],[-104.47624927199996,33.62788756100008],[-104.48062828599996,33.627829339000073],[-104.48500732499997,33.62776645200006],[-104.48490765099996,33.62413129600003],[-104.48924403699999,33.624125905000028],[-104.48938051499994,33.627780051000059],[-104.49375373599997,33.627788985000052],[-104.49812695899999,33.627797764000036],[-104.50250017499997,33.627810915000055],[-104.50236337999996,33.624175618000038],[-104.50222794099994,33.620540325000036],[-104.50209113899996,33.616909532000079],[-104.50195571899997,33.613274234000073],[-104.50196984399997,33.609644046000028],[-104.50196631199998,33.607830177000039],[-104.48898339099998,33.607784478000042],[-104.48899683699995,33.60594958400003],[-104.49341032899997,33.605946955000036],[-104.49339692399997,33.598691470000063],[-104.49340603399997,33.595056745000079],[-104.49775477899999,33.595051903000069],[-104.49777051799998,33.591403673000059],[-104.50212588099998,33.591389696000078],[-104.50208013599996,33.598782076000077],[-104.51075594299999,33.59874327600005],[-104.51083348799995,33.587803200000053],[-104.51951945999997,33.58786881900005],[-104.52385431899995,33.587881074000052],[-104.52388501699994,33.584250926000038],[-104.52822099399998,33.584272050000038],[-104.52819899899998,33.580637187000036],[-104.51952474299998,33.580590269000027],[-104.51950046999997,33.576946376000024],[-104.51083242999994,33.576959111000065]]],[[[-104.52416528999998,33.624320035000039],[-104.53313204899996,33.624419991000025],[-104.53314042299996,33.628047712000068],[-104.53751082899998,33.628091203000054],[-104.54196715399996,33.628040550000037],[-104.54188986999998,33.624463737000042],[-104.54181056899995,33.62085574300005],[-104.53741184199998,33.620884453000031],[-104.53707777899996,33.61691563800008],[-104.54159794199995,33.616933545000052],[-104.54148282099999,33.615148360000035],[-104.53692548899994,33.615106252000032],[-104.53677320599996,33.613296866000042],[-104.53242885899999,33.613307568000039],[-104.52808314099997,33.613322621000066],[-104.52825694799998,33.617039218000059],[-104.52826511599994,33.62066694300006],[-104.52392891199997,33.620673701000044],[-104.52416528999998,33.624320035000039]]],[[[-104.41540256999997,33.660760669000069],[-104.42407903799995,33.660754605000079],[-104.42407522999997,33.657126886000071],[-104.41542582199997,33.657121558000028],[-104.41540256999997,33.660760669000069]]],[[[-104.56353967499996,33.660821113000054],[-104.55920146699998,33.660829116000059],[-104.55919236699998,33.664468333000059],[-104.55918326399996,33.66810754800008],[-104.57649703799996,33.668168145000038],[-104.57651129699997,33.657263962000059],[-104.56353407599994,33.65720525200004],[-104.56353967499996,33.660821113000054]]],[[[-104.52416528999998,33.624320035000039],[-104.51987019699999,33.624271924000027],[-104.52003061499994,33.627911808000079],[-104.51126539799998,33.627859418000071],[-104.51114073499997,33.635141944000054],[-104.51989723099996,33.635198825000032],[-104.51983119999994,33.638842332000024],[-104.51107840399999,33.638780949000079],[-104.51101606699996,33.642419952000068],[-104.51538995499999,33.642452969000033],[-104.51539758699994,33.646078428000067],[-104.50224741199997,33.645992615000068],[-104.50220554699996,33.653270930000076],[-104.51088123299996,33.65325877500004],[-104.51087378499994,33.649631065000051],[-104.51521144299994,33.649624760000052],[-104.51536371599997,33.66790813700004],[-104.52837943599997,33.667888283000025],[-104.52837124999996,33.664260586000069],[-104.53270963899996,33.664253664000057],[-104.53272637799995,33.671509056000048],[-104.54184949299997,33.671575462000078],[-104.54200156699994,33.657113751000054],[-104.52865901499996,33.657063554000047],[-104.52865081999994,33.653435850000051],[-104.53755163399995,33.653512037000041],[-104.53754956199998,33.648093736000078],[-104.54200146999995,33.648086276000072],[-104.54200093999998,33.646277167000051],[-104.55090731199999,33.646251241000073],[-104.55090460899999,33.64989048800004],[-104.55924778899998,33.649879952000049],[-104.55922918999994,33.65353267200004],[-104.57659919999998,33.653625005000038],[-104.57668718299999,33.64996800800003],[-104.57237377899997,33.649838060000036],[-104.57235873899998,33.644396513000061],[-104.56368397499995,33.644412978000048],[-104.56367914499998,33.64259912600005],[-104.55928377399994,33.642543019000072],[-104.55930084399995,33.638926285000025],[-104.56363795299995,33.638918283000066],[-104.56362829599999,33.635290576000045],[-104.56796522099995,33.635282423000035],[-104.56809090999997,33.628012462000072],[-104.56375434799997,33.628020617000061],[-104.56376400699997,33.631648329000029],[-104.54643393299995,33.631718444000057],[-104.54644036599996,33.635380280000049],[-104.53754159399995,33.635455525000054],[-104.53754596599998,33.640810539000029],[-104.53309804799994,33.640817804000051],[-104.53310223599999,33.642631660000063],[-104.52865563999995,33.64258320600004],[-104.52868483699996,33.638953085000026],[-104.52425735299994,33.63889553000007],[-104.52416528999998,33.624320035000039]]],[[[-104.31527689399996,33.69666985300006],[-104.31744691599994,33.696670152000024],[-104.31744758299999,33.693042448000028],[-104.31527765299995,33.693042150000053],[-104.31527689399996,33.69666985300006]]],[[[-104.31752825499996,33.685759244000053],[-104.31969800299998,33.685759503000043],[-104.32189958399994,33.685764755000037],[-104.32189813299999,33.69672421000007],[-104.32840819999996,33.69672464100006],[-104.33274824699998,33.696724738000057],[-104.33277759399999,33.685803674000056],[-104.33277761699998,33.682175965000056],[-104.33711693099997,33.682175908000033],[-104.33711677199994,33.678548197000055],[-104.33721418599998,33.671248198000058],[-104.34558851499997,33.671292768000058],[-104.34561267899994,33.664005474000078],[-104.34562407999994,33.660361819000059],[-104.33694764299997,33.66036237700007],[-104.33694779399997,33.663990099000046],[-104.33694794599995,33.667617818000053],[-104.32849069899999,33.667552951000062],[-104.32848800399995,33.67119664300003],[-104.32846909199998,33.674844754000048],[-104.32403866899995,33.674876773000051],[-104.32403827799999,33.678504486000065],[-104.31969914799998,33.678504083000064],[-104.31969857499996,33.682131794000043],[-104.31752891899998,33.682131536000043],[-104.31752825499996,33.685759244000053]]],[[[-104.53724053499997,33.69704641900006],[-104.54592958499995,33.697085767000033],[-104.54593851999999,33.700713442000051],[-104.55910352499995,33.700937054000065],[-104.55910859099998,33.68619525500003],[-104.54629424899997,33.686139801000024],[-104.54178993499994,33.686123163000047],[-104.53728429999995,33.686101846000042],[-104.53724053499997,33.69704641900006]]],[[[-104.56791183099995,33.689998166000066],[-104.56795074399997,33.700923252000052],[-104.57243506599997,33.700933325000051],[-104.57244511699997,33.704560991000051],[-104.58112591499997,33.704543884000032],[-104.58111562299996,33.700958705000062],[-104.58339882199999,33.70095563700005],[-104.58337780499994,33.693700303000071],[-104.57665964099999,33.693625366000049],[-104.57659116899998,33.689981385000067],[-104.56791183099995,33.689998166000066]]],[[[-104.31087294599996,33.711261551000064],[-104.31521372299994,33.711262265000073],[-104.31521448399997,33.707634571000028],[-104.31088994099997,33.707613457000036],[-104.31087294599996,33.711261551000064]]]]},"properties":{"OBJECTID":10,"District":"Pecos Valley Artesian Conservancy District","Shape_Length":6.0668337228767184,"Shape_Area":0.1991902032841022}}]}